starttime,task,withinblocktrial,block,running,selfconf,difflevel,n_xes,rt,resp,cor,cresp,conf_press,cj,RTconf,n_reddots,dotsLeft,dotsRight,post1,post2,post3,post4,post5,post6,stoptime,sub,age,gender,handedness,
1607601985,xotask,0,0,training,highSC,easy,70,3238,['c'],1,left,none,-99,-99,,,,,,,,,,,15,18,Man,Rechts,
,xotask,1,0,training,highSC,easy,70,1536,['c'],1,left,none,-99,-99,,,,,,,,,,,15,18,Man,Rechts,
,xotask,2,0,training,highSC,hard,52,718,['n'],0,left,none,-99,-99,,,,,,,,,,,15,18,Man,Rechts,
,xotask,3,0,training,highSC,hard,26,1352,['n'],1,right,none,-99,-99,,,,,,,,,,,15,18,Man,Rechts,
,xotask,4,0,training,highSC,hard,52,551,['c'],1,left,none,-99,-99,,,,,,,,,,,15,18,Man,Rechts,
,xotask,5,0,training,highSC,hard,50,568,['c'],1,left,none,-99,-99,,,,,,,,,,,15,18,Man,Rechts,
,xotask,6,0,training,highSC,easy,74,485,['c'],1,left,none,-99,-99,,,,,,,,,,,15,18,Man,Rechts,
,xotask,7,0,training,highSC,easy,73,551,['c'],1,left,none,-99,-99,,,,,,,,,,,15,18,Man,Rechts,
,xotask,8,0,training,highSC,hard,29,519,['n'],1,right,none,-99,-99,,,,,,,,,,,15,18,Man,Rechts,
,xotask,9,0,training,highSC,hard,26,518,['n'],1,right,none,-99,-99,,,,,,,,,,,15,18,Man,Rechts,
,xotask,10,0,training,highSC,average,63,635,['c'],1,left,none,-99,-99,,,,,,,,,,,15,18,Man,Rechts,
,xotask,11,0,training,highSC,hard,51,585,['c'],1,left,none,-99,-99,,,,,,,,,,,15,18,Man,Rechts,
,xotask,12,0,training,highSC,hard,50,3004,['c'],1,left,none,-99,-99,,,,,,,,,,,15,18,Man,Rechts,
,xotask,13,0,training,highSC,easy,70,636,['c'],1,left,none,-99,-99,,,,,,,,,,,15,18,Man,Rechts,
,xotask,14,0,training,highSC,easy,6,584,['n'],1,right,none,-99,-99,,,,,,,,,,,15,18,Man,Rechts,
,xotask,15,0,training,highSC,average,60,619,['c'],1,left,none,-99,-99,,,,,,,,,,,15,18,Man,Rechts,
,xotask,16,0,training,highSC,easy,6,452,['n'],1,right,none,-99,-99,,,,,,,,,,,15,18,Man,Rechts,
,xotask,17,0,training,highSC,average,62,602,['c'],1,left,none,-99,-99,,,,,,,,,,,15,18,Man,Rechts,
,xotask,18,0,training,highSC,hard,52,535,['n'],0,left,none,-99,-99,,,,,,,,,,,15,18,Man,Rechts,
,xotask,19,0,training,highSC,average,15,519,['n'],1,right,none,-99,-99,,,,,,,,,,,15,18,Man,Rechts,
,xotask,20,0,training,highSC,hard,51,602,['c'],1,left,none,-99,-99,,,,,,,,,,,15,18,Man,Rechts,
,xotask,21,0,training,highSC,easy,73,567,['c'],1,left,none,-99,-99,,,,,,,,,,,15,18,Man,Rechts,
,xotask,22,0,training,highSC,average,62,601,['c'],1,left,none,-99,-99,,,,,,,,,,,15,18,Man,Rechts,
,xotask,23,0,training,highSC,hard,27,485,['c'],0,right,none,-99,-99,,,,,,,,,,,15,18,Man,Rechts,
,xotask,0,1,training,highSC,average,61,534,['c'],1,left,none,-99,-99,,,,,,,,,,,15,18,Man,Rechts,
,xotask,1,1,training,highSC,hard,25,701,['c'],0,right,none,-99,-99,,,,,,,,,,,15,18,Man,Rechts,
,xotask,2,1,training,highSC,average,17,552,['n'],1,right,none,-99,-99,,,,,,,,,,,15,18,Man,Rechts,
,xotask,3,1,training,highSC,easy,8,601,['n'],1,right,none,-99,-99,,,,,,,,,,,15,18,Man,Rechts,
,xotask,4,1,training,highSC,easy,8,619,['n'],1,right,none,-99,-99,,,,,,,,,,,15,18,Man,Rechts,
,xotask,5,1,training,highSC,average,16,669,['c'],0,right,none,-99,-99,,,,,,,,,,,15,18,Man,Rechts,
,xotask,6,1,training,highSC,hard,29,1519,['c'],0,right,none,-99,-99,,,,,,,,,,,15,18,Man,Rechts,
,xotask,7,1,training,highSC,average,16,569,['n'],1,right,none,-99,-99,,,,,,,,,,,15,18,Man,Rechts,
,xotask,8,1,training,highSC,easy,7,501,['n'],1,right,none,-99,-99,,,,,,,,,,,15,18,Man,Rechts,
,xotask,9,1,training,highSC,easy,72,535,['c'],1,left,none,-99,-99,,,,,,,,,,,15,18,Man,Rechts,
,xotask,10,1,training,highSC,hard,28,635,['c'],0,right,none,-99,-99,,,,,,,,,,,15,18,Man,Rechts,
,xotask,11,1,training,highSC,easy,6,468,['n'],1,right,none,-99,-99,,,,,,,,,,,15,18,Man,Rechts,
,xotask,12,1,training,highSC,easy,71,1469,['c'],1,left,none,-99,-99,,,,,,,,,,,15,18,Man,Rechts,
,xotask,13,1,training,highSC,easy,9,619,['n'],1,right,none,-99,-99,,,,,,,,,,,15,18,Man,Rechts,
,xotask,14,1,training,highSC,easy,8,518,['n'],1,right,none,-99,-99,,,,,,,,,,,15,18,Man,Rechts,
,xotask,15,1,training,highSC,easy,74,652,['c'],1,left,none,-99,-99,,,,,,,,,,,15,18,Man,Rechts,
,xotask,16,1,training,highSC,average,16,751,['n'],1,right,none,-99,-99,,,,,,,,,,,15,18,Man,Rechts,
,xotask,17,1,training,highSC,average,60,601,['c'],1,left,none,-99,-99,,,,,,,,,,,15,18,Man,Rechts,
,xotask,18,1,training,highSC,hard,26,786,['n'],1,right,none,-99,-99,,,,,,,,,,,15,18,Man,Rechts,
,xotask,19,1,training,highSC,easy,9,668,['n'],1,right,none,-99,-99,,,,,,,,,,,15,18,Man,Rechts,
,xotask,20,1,training,highSC,easy,72,568,['c'],1,left,none,-99,-99,,,,,,,,,,,15,18,Man,Rechts,
,xotask,21,1,training,highSC,hard,54,785,['c'],1,left,none,-99,-99,,,,,,,,,,,15,18,Man,Rechts,
,xotask,22,1,training,highSC,average,19,551,['c'],0,right,none,-99,-99,,,,,,,,,,,15,18,Man,Rechts,
,xotask,23,1,training,highSC,average,62,585,['c'],1,left,none,-99,-99,,,,,,,,,,,15,18,Man,Rechts,
,xotask,0,2,training,highSC,easy,74,518,['c'],1,left,none,-99,-99,,,,,,,,,,,15,18,Man,Rechts,
,xotask,1,2,training,highSC,hard,29,434,['n'],1,right,none,-99,-99,,,,,,,,,,,15,18,Man,Rechts,
,xotask,2,2,training,highSC,average,62,418,['c'],1,left,none,-99,-99,,,,,,,,,,,15,18,Man,Rechts,
,xotask,3,2,training,highSC,easy,73,585,['c'],1,left,none,-99,-99,,,,,,,,,,,15,18,Man,Rechts,
,xotask,4,2,training,highSC,easy,72,735,['n'],0,left,none,-99,-99,,,,,,,,,,,15,18,Man,Rechts,
,xotask,5,2,training,highSC,easy,8,618,['n'],1,right,none,-99,-99,,,,,,,,,,,15,18,Man,Rechts,
,xotask,6,2,training,highSC,hard,50,551,['c'],1,left,none,-99,-99,,,,,,,,,,,15,18,Man,Rechts,
,xotask,7,2,training,highSC,average,63,718,['c'],1,left,none,-99,-99,,,,,,,,,,,15,18,Man,Rechts,
,xotask,8,2,training,highSC,average,62,452,['c'],1,left,none,-99,-99,,,,,,,,,,,15,18,Man,Rechts,
,xotask,9,2,training,highSC,hard,26,502,['c'],0,right,none,-99,-99,,,,,,,,,,,15,18,Man,Rechts,
,xotask,10,2,training,highSC,hard,26,484,['n'],1,right,none,-99,-99,,,,,,,,,,,15,18,Man,Rechts,
,xotask,11,2,training,highSC,hard,51,518,['c'],1,left,none,-99,-99,,,,,,,,,,,15,18,Man,Rechts,
,xotask,12,2,training,highSC,average,61,568,['c'],1,left,none,-99,-99,,,,,,,,,,,15,18,Man,Rechts,
,xotask,13,2,training,highSC,average,64,468,['c'],1,left,none,-99,-99,,,,,,,,,,,15,18,Man,Rechts,
,xotask,14,2,training,highSC,easy,7,669,['n'],1,right,none,-99,-99,,,,,,,,,,,15,18,Man,Rechts,
,xotask,15,2,training,highSC,average,64,452,['c'],1,left,none,-99,-99,,,,,,,,,,,15,18,Man,Rechts,
,xotask,16,2,training,highSC,average,16,501,['n'],1,right,none,-99,-99,,,,,,,,,,,15,18,Man,Rechts,
,xotask,17,2,training,highSC,average,18,518,['c'],0,right,none,-99,-99,,,,,,,,,,,15,18,Man,Rechts,
,xotask,18,2,training,highSC,hard,25,435,['n'],1,right,none,-99,-99,,,,,,,,,,,15,18,Man,Rechts,
,xotask,19,2,training,highSC,average,15,569,['c'],0,right,none,-99,-99,,,,,,,,,,,15,18,Man,Rechts,
,xotask,20,2,training,highSC,average,62,468,['c'],1,left,none,-99,-99,,,,,,,,,,,15,18,Man,Rechts,
,xotask,21,2,training,highSC,average,15,585,['n'],1,right,none,-99,-99,,,,,,,,,,,15,18,Man,Rechts,
,xotask,22,2,training,highSC,easy,9,485,['n'],1,right,none,-99,-99,,,,,,,,,,,15,18,Man,Rechts,
,xotask,23,2,training,highSC,hard,25,451,['c'],0,right,none,-99,-99,,,,,,,,,,,15,18,Man,Rechts,
,xotask,0,3,training,highSC,hard,53,685,['n'],0,left,none,-99,-99,,,,,,,,,,,15,18,Man,Rechts,
,xotask,1,3,training,highSC,hard,28,502,['c'],0,right,none,-99,-99,,,,,,,,,,,15,18,Man,Rechts,
,xotask,2,3,training,highSC,hard,28,501,['c'],0,right,none,-99,-99,,,,,,,,,,,15,18,Man,Rechts,
,xotask,3,3,training,highSC,average,64,402,['c'],1,left,none,-99,-99,,,,,,,,,,,15,18,Man,Rechts,
,xotask,4,3,training,highSC,average,60,451,['c'],1,left,none,-99,-99,,,,,,,,,,,15,18,Man,Rechts,
,xotask,5,3,training,highSC,easy,8,435,['n'],1,right,none,-99,-99,,,,,,,,,,,15,18,Man,Rechts,
,xotask,6,3,training,highSC,average,17,568,['n'],1,right,none,-99,-99,,,,,,,,,,,15,18,Man,Rechts,
,xotask,7,3,training,highSC,hard,51,502,['c'],1,left,none,-99,-99,,,,,,,,,,,15,18,Man,Rechts,
,xotask,8,3,training,highSC,hard,52,452,['c'],1,left,none,-99,-99,,,,,,,,,,,15,18,Man,Rechts,
,xotask,9,3,training,highSC,easy,9,467,['n'],1,right,none,-99,-99,,,,,,,,,,,15,18,Man,Rechts,
,xotask,10,3,training,highSC,hard,51,602,['n'],0,left,none,-99,-99,,,,,,,,,,,15,18,Man,Rechts,
,xotask,11,3,training,highSC,hard,54,519,['c'],1,left,none,-99,-99,,,,,,,,,,,15,18,Man,Rechts,
,xotask,12,3,training,highSC,easy,74,718,['c'],1,left,none,-99,-99,,,,,,,,,,,15,18,Man,Rechts,
,xotask,13,3,training,highSC,average,15,385,['n'],1,right,none,-99,-99,,,,,,,,,,,15,18,Man,Rechts,
,xotask,14,3,training,highSC,average,64,518,['c'],1,left,none,-99,-99,,,,,,,,,,,15,18,Man,Rechts,
,xotask,15,3,training,highSC,easy,7,502,['n'],1,right,none,-99,-99,,,,,,,,,,,15,18,Man,Rechts,
,xotask,16,3,training,highSC,easy,74,484,['c'],1,left,none,-99,-99,,,,,,,,,,,15,18,Man,Rechts,
,xotask,17,3,training,highSC,average,16,402,['n'],1,right,none,-99,-99,,,,,,,,,,,15,18,Man,Rechts,
,xotask,18,3,training,highSC,hard,54,418,['c'],1,left,none,-99,-99,,,,,,,,,,,15,18,Man,Rechts,
,xotask,19,3,training,highSC,easy,70,417,['c'],1,left,none,-99,-99,,,,,,,,,,,15,18,Man,Rechts,
,xotask,20,3,training,highSC,average,61,368,['c'],1,left,none,-99,-99,,,,,,,,,,,15,18,Man,Rechts,
,xotask,21,3,training,highSC,average,63,485,['c'],1,left,none,-99,-99,,,,,,,,,,,15,18,Man,Rechts,
,xotask,22,3,training,highSC,average,63,551,['c'],1,left,none,-99,-99,,,,,,,,,,,15,18,Man,Rechts,
,xotask,23,3,training,highSC,easy,70,568,['c'],1,left,none,-99,-99,,,,,,,,,,,15,18,Man,Rechts,
,xotask,0,4,training,highSC,hard,25,634,['n'],1,right,none,-99,-99,,,,,,,,,,,15,18,Man,Rechts,
,xotask,1,4,training,highSC,easy,71,568,['c'],1,left,none,-99,-99,,,,,,,,,,,15,18,Man,Rechts,
,xotask,2,4,training,highSC,hard,53,484,['c'],1,left,none,-99,-99,,,,,,,,,,,15,18,Man,Rechts,
,xotask,3,4,training,highSC,average,18,402,['n'],1,right,none,-99,-99,,,,,,,,,,,15,18,Man,Rechts,
,xotask,4,4,training,highSC,average,62,467,['c'],1,left,none,-99,-99,,,,,,,,,,,15,18,Man,Rechts,
,xotask,5,4,training,highSC,hard,28,602,['n'],1,right,none,-99,-99,,,,,,,,,,,15,18,Man,Rechts,
,xotask,6,4,training,highSC,hard,29,685,['n'],1,right,none,-99,-99,,,,,,,,,,,15,18,Man,Rechts,
,xotask,7,4,training,highSC,easy,73,402,['c'],1,left,none,-99,-99,,,,,,,,,,,15,18,Man,Rechts,
,xotask,8,4,training,highSC,easy,71,468,['c'],1,left,none,-99,-99,,,,,,,,,,,15,18,Man,Rechts,
,xotask,9,4,training,highSC,average,60,452,['c'],1,left,none,-99,-99,,,,,,,,,,,15,18,Man,Rechts,
,xotask,10,4,training,highSC,hard,29,835,['c'],0,right,none,-99,-99,,,,,,,,,,,15,18,Man,Rechts,
,xotask,11,4,training,highSC,average,19,417,['n'],1,right,none,-99,-99,,,,,,,,,,,15,18,Man,Rechts,
,xotask,12,4,training,highSC,average,63,518,['c'],1,left,none,-99,-99,,,,,,,,,,,15,18,Man,Rechts,
,xotask,13,4,training,highSC,average,18,452,['n'],1,right,none,-99,-99,,,,,,,,,,,15,18,Man,Rechts,
,xotask,14,4,training,highSC,easy,9,485,['n'],1,right,none,-99,-99,,,,,,,,,,,15,18,Man,Rechts,
,xotask,15,4,training,highSC,average,19,435,['c'],0,right,none,-99,-99,,,,,,,,,,,15,18,Man,Rechts,
,xotask,16,4,training,highSC,average,19,435,['n'],1,right,none,-99,-99,,,,,,,,,,,15,18,Man,Rechts,
,xotask,17,4,training,highSC,easy,70,468,['c'],1,left,none,-99,-99,,,,,,,,,,,15,18,Man,Rechts,
,xotask,18,4,training,highSC,average,15,418,['n'],1,right,none,-99,-99,,,,,,,,,,,15,18,Man,Rechts,
,xotask,19,4,training,highSC,average,63,418,['n'],0,left,none,-99,-99,,,,,,,,,,,15,18,Man,Rechts,
,xotask,20,4,training,highSC,easy,5,484,['n'],1,right,none,-99,-99,,,,,,,,,,,15,18,Man,Rechts,
,xotask,21,4,training,highSC,average,18,602,['n'],1,right,none,-99,-99,,,,,,,,,,,15,18,Man,Rechts,
,xotask,22,4,training,highSC,average,16,735,['c'],0,right,none,-99,-99,,,,,,,,,,,15,18,Man,Rechts,
,xotask,23,4,training,highSC,hard,29,635,['n'],1,right,none,-99,-99,,,,,,,,,,,15,18,Man,Rechts,
,xotask,0,5,main,highSC,hard,53,868,['n'],0,left,['8'],4,4531,,,,,,,,,,,15,18,Man,Rechts,
,xotask,1,5,main,highSC,easy,74,1369,['c'],1,left,['0'],6,1757,,,,,,,,,,,15,18,Man,Rechts,
,xotask,2,5,main,highSC,easy,73,1002,['c'],1,left,['0'],6,407,,,,,,,,,,,15,18,Man,Rechts,
,xotask,3,5,main,highSC,easy,74,1620,['c'],1,left,['0'],6,416,,,,,,,,,,,15,18,Man,Rechts,
,xotask,4,5,main,highSC,average,18,2186,['c'],0,right,['3'],3,1761,,,,,,,,,,,15,18,Man,Rechts,
,xotask,5,5,main,highSC,easy,7,1336,['n'],1,right,['0'],6,1646,,,,,,,,,,,15,18,Man,Rechts,
,xotask,6,5,main,highSC,easy,9,802,['n'],1,right,['0'],6,326,,,,,,,,,,,15,18,Man,Rechts,
,xotask,7,5,main,highSC,average,15,1269,['n'],1,right,['0'],6,272,,,,,,,,,,,15,18,Man,Rechts,
,xotask,8,5,main,highSC,easy,74,517,['c'],1,left,['9'],5,1435,,,,,,,,,,,15,18,Man,Rechts,
,xotask,9,5,main,highSC,average,62,1586,['c'],1,left,['2'],2,267,,,,,,,,,,,15,18,Man,Rechts,
,xotask,10,5,main,highSC,easy,72,1419,['c'],1,left,['0'],6,177,,,,,,,,,,,15,18,Man,Rechts,
,xotask,11,5,main,highSC,hard,27,1786,['n'],1,right,['2'],2,781,,,,,,,,,,,15,18,Man,Rechts,
,xotask,12,5,main,highSC,hard,28,2270,['n'],1,right,['2'],2,267,,,,,,,,,,,15,18,Man,Rechts,
,xotask,13,5,main,highSC,easy,9,752,['n'],1,right,['0'],6,13,,,,,,,,,,,15,18,Man,Rechts,
,xotask,14,5,main,highSC,average,16,567,['n'],1,right,['0'],6,256,,,,,,,,,,,15,18,Man,Rechts,
,xotask,15,5,main,highSC,easy,6,701,['n'],1,right,['0'],6,213,,,,,,,,,,,15,18,Man,Rechts,
,xotask,16,5,main,highSC,hard,27,552,['c'],0,right,['2'],2,209,,,,,,,,,,,15,18,Man,Rechts,
,xotask,17,5,main,highSC,hard,50,835,['n'],0,left,['2'],2,193,,,,,,,,,,,15,18,Man,Rechts,
,xotask,18,5,main,highSC,hard,28,786,['n'],1,right,['2'],2,213,,,,,,,,,,,15,18,Man,Rechts,
,xotask,19,5,main,highSC,average,63,786,['c'],1,left,['0'],6,712,,,,,,,,,,,15,18,Man,Rechts,
,xotask,20,5,main,highSC,average,18,769,['n'],1,right,['9'],5,295,,,,,,,,,,,15,18,Man,Rechts,
,xotask,21,5,main,highSC,easy,9,1120,['n'],1,right,['0'],6,201,,,,,,,,,,,15,18,Man,Rechts,
,xotask,22,5,main,highSC,hard,27,936,['n'],1,right,['9'],5,294,,,,,,,,,,,15,18,Man,Rechts,
,xotask,23,5,main,highSC,hard,51,602,['c'],1,left,['9'],5,221,,,,,,,,,,,15,18,Man,Rechts,
,xotask,24,5,main,highSC,average,15,636,['n'],1,right,['0'],6,149,,,,,,,,,,,15,18,Man,Rechts,
,xotask,25,5,main,highSC,average,15,769,['c'],0,right,['9'],5,427,,,,,,,,,,,15,18,Man,Rechts,
,xotask,26,5,main,highSC,average,15,618,['n'],1,right,['0'],6,44,,,,,,,,,,,15,18,Man,Rechts,
,xotask,27,5,main,highSC,easy,8,668,['n'],1,right,['0'],6,187,,,,,,,,,,,15,18,Man,Rechts,
,xotask,28,5,main,highSC,average,15,968,['n'],1,right,['9'],5,823,,,,,,,,,,,15,18,Man,Rechts,
,xotask,29,5,main,highSC,hard,53,785,['c'],1,left,['2'],2,545,,,,,,,,,,,15,18,Man,Rechts,
,xotask,30,5,main,highSC,easy,6,885,['n'],1,right,['0'],6,1650,,,,,,,,,,,15,18,Man,Rechts,
,xotask,31,5,main,highSC,average,61,1953,['c'],1,left,['2'],2,170,,,,,,,,,,,15,18,Man,Rechts,
,xotask,32,5,main,highSC,average,63,969,['c'],1,left,['2'],2,263,,,,,,,,,,,15,18,Man,Rechts,
,xotask,33,5,main,highSC,average,16,601,['n'],1,right,['9'],5,158,,,,,,,,,,,15,18,Man,Rechts,
,xotask,34,5,main,highSC,average,64,619,['c'],1,left,['9'],5,234,,,,,,,,,,,15,18,Man,Rechts,
,xotask,35,5,main,highSC,easy,5,619,['n'],1,right,['0'],6,403,,,,,,,,,,,15,18,Man,Rechts,
,xotask,36,5,main,highSC,average,15,1103,['c'],0,right,['2'],2,433,,,,,,,,,,,15,18,Man,Rechts,
,xotask,37,5,main,highSC,average,60,768,['c'],1,left,['9'],5,219,,,,,,,,,,,15,18,Man,Rechts,
,xotask,38,5,main,highSC,hard,26,551,['n'],1,right,['0'],6,183,,,,,,,,,,,15,18,Man,Rechts,
,xotask,39,5,main,highSC,easy,72,602,['c'],1,left,['9'],5,226,,,,,,,,,,,15,18,Man,Rechts,
,xotask,40,5,main,highSC,average,19,501,['n'],1,right,['0'],6,128,,,,,,,,,,,15,18,Man,Rechts,
,xotask,41,5,main,highSC,hard,53,1236,['n'],0,left,['2'],2,131,,,,,,,,,,,15,18,Man,Rechts,
,xotask,42,5,main,highSC,hard,27,668,['c'],0,right,['2'],2,94,,,,,,,,,,,15,18,Man,Rechts,
,xotask,43,5,main,highSC,easy,6,502,['n'],1,right,['0'],6,321,,,,,,,,,,,15,18,Man,Rechts,
,xotask,44,5,main,highSC,hard,51,718,['n'],0,left,['0'],6,370,,,,,,,,,,,15,18,Man,Rechts,
,xotask,45,5,main,highSC,easy,71,652,['n'],0,left,['1'],1,1204,,,,,,,,,,,15,18,Man,Rechts,
,xotask,46,5,main,highSC,easy,73,1035,['c'],1,left,['0'],6,324,,,,,,,,,,,15,18,Man,Rechts,
,xotask,47,5,main,highSC,average,60,867,['c'],1,left,['0'],6,191,,,,,,,,,,,15,18,Man,Rechts,
,xotask,48,5,main,highSC,hard,54,567,['c'],1,left,['9'],5,315,,,,,,,,,,,15,18,Man,Rechts,
,xotask,49,5,main,highSC,easy,74,451,['c'],1,left,['0'],6,231,,,,,,,,,,,15,18,Man,Rechts,
,xotask,50,5,main,highSC,hard,28,485,['c'],0,right,['2'],2,261,,,,,,,,,,,15,18,Man,Rechts,
,xotask,51,5,main,highSC,hard,52,651,['c'],1,left,['9'],5,315,,,,,,,,,,,15,18,Man,Rechts,
,xotask,52,5,main,highSC,easy,73,735,['c'],1,left,['9'],5,252,,,,,,,,,,,15,18,Man,Rechts,
,xotask,53,5,main,highSC,average,61,569,['c'],1,left,['9'],5,214,,,,,,,,,,,15,18,Man,Rechts,
,xotask,54,5,main,highSC,easy,6,585,['n'],1,right,['0'],6,192,,,,,,,,,,,15,18,Man,Rechts,
,xotask,55,5,main,highSC,hard,28,719,['c'],0,right,['2'],2,263,,,,,,,,,,,15,18,Man,Rechts,
,xotask,56,5,main,highSC,average,60,769,['c'],1,left,['8'],4,215,,,,,,,,,,,15,18,Man,Rechts,
,xotask,57,5,main,highSC,hard,53,552,['c'],1,left,['8'],4,260,,,,,,,,,,,15,18,Man,Rechts,
,xotask,58,5,main,highSC,easy,74,669,['c'],1,left,['8'],4,233,,,,,,,,,,,15,18,Man,Rechts,
,xotask,59,5,main,highSC,average,64,752,['c'],1,left,['8'],4,237,,,,,,,,,,,15,18,Man,Rechts,
,xotask,60,5,main,highSC,hard,52,686,['c'],1,left,['8'],4,178,,,,,,,,,,,15,18,Man,Rechts,
,xotask,61,5,main,highSC,easy,8,485,['n'],1,right,['9'],5,418,,,,,,,,,,,15,18,Man,Rechts,
,xotask,62,5,main,highSC,average,60,1035,['c'],1,left,['8'],4,178,,,,,,,,,,,15,18,Man,Rechts,
,xotask,63,5,main,highSC,hard,51,1086,['c'],1,left,['0'],6,202,,,,,,,,,,,15,18,Man,Rechts,
,xotask,64,5,main,highSC,hard,26,502,['c'],0,right,['0'],6,201,,,,,,,,,,,15,18,Man,Rechts,
,xotask,65,5,main,highSC,average,17,584,['n'],1,right,['8'],4,244,,,,,,,,,,,15,18,Man,Rechts,
,xotask,66,5,main,highSC,hard,53,535,['c'],1,left,['9'],5,256,,,,,,,,,,,15,18,Man,Rechts,
,xotask,67,5,main,highSC,hard,25,619,['n'],1,right,['8'],4,216,,,,,,,,,,,15,18,Man,Rechts,
,xotask,68,5,main,highSC,average,62,552,['c'],1,left,['0'],6,148,,,,,,,,,,,15,18,Man,Rechts,
,xotask,69,5,main,highSC,easy,6,852,['n'],1,right,['0'],6,38,,,,,,,,,,,15,18,Man,Rechts,
,xotask,70,5,main,highSC,easy,70,919,['c'],1,left,['0'],6,538,,,,,,,,,,,15,18,Man,Rechts,
,xotask,71,5,main,highSC,hard,25,835,['n'],1,right,['9'],5,350,,,,,,,,,,,15,18,Man,Rechts,
,xotask,0,6,main,highSC,average,62,1553,['c'],1,left,['9'],5,2343,,,,,,,,,,,15,18,Man,Rechts,
,xotask,1,6,main,highSC,average,19,718,['n'],1,right,['9'],5,213,,,,,,,,,,,15,18,Man,Rechts,
,xotask,2,6,main,highSC,hard,54,551,['c'],1,left,['9'],5,225,,,,,,,,,,,15,18,Man,Rechts,
,xotask,3,6,main,highSC,hard,53,451,['c'],1,left,['9'],5,193,,,,,,,,,,,15,18,Man,Rechts,
,xotask,4,6,main,highSC,easy,74,451,['c'],1,left,['9'],5,226,,,,,,,,,,,15,18,Man,Rechts,
,xotask,5,6,main,highSC,hard,52,536,['c'],1,left,['9'],5,255,,,,,,,,,,,15,18,Man,Rechts,
,xotask,6,6,main,highSC,average,60,418,['c'],1,left,['3'],3,223,,,,,,,,,,,15,18,Man,Rechts,
,xotask,7,6,main,highSC,easy,70,701,['c'],1,left,['0'],6,197,,,,,,,,,,,15,18,Man,Rechts,
,xotask,8,6,main,highSC,easy,6,686,['n'],1,right,['0'],6,156,,,,,,,,,,,15,18,Man,Rechts,
,xotask,9,6,main,highSC,average,60,501,['c'],1,left,['0'],6,156,,,,,,,,,,,15,18,Man,Rechts,
,xotask,10,6,main,highSC,easy,8,469,['n'],1,right,['9'],5,110,,,,,,,,,,,15,18,Man,Rechts,
,xotask,11,6,main,highSC,easy,5,635,['n'],1,right,['0'],6,220,,,,,,,,,,,15,18,Man,Rechts,
,xotask,12,6,main,highSC,hard,52,552,['c'],1,left,['9'],5,232,,,,,,,,,,,15,18,Man,Rechts,
,xotask,13,6,main,highSC,easy,8,585,['n'],1,right,['8'],4,241,,,,,,,,,,,15,18,Man,Rechts,
,xotask,14,6,main,highSC,easy,9,669,['n'],1,right,['9'],5,216,,,,,,,,,,,15,18,Man,Rechts,
,xotask,15,6,main,highSC,average,19,769,['n'],1,right,['9'],5,203,,,,,,,,,,,15,18,Man,Rechts,
,xotask,16,6,main,highSC,average,61,468,['c'],1,left,['9'],5,123,,,,,,,,,,,15,18,Man,Rechts,
,xotask,17,6,main,highSC,hard,29,468,['n'],1,right,['9'],5,190,,,,,,,,,,,15,18,Man,Rechts,
,xotask,18,6,main,highSC,hard,26,735,['n'],1,right,['8'],4,340,,,,,,,,,,,15,18,Man,Rechts,
,xotask,19,6,main,highSC,easy,73,585,['c'],1,left,['9'],5,362,,,,,,,,,,,15,18,Man,Rechts,
,xotask,20,6,main,highSC,hard,25,1119,['n'],1,right,['3'],3,200,,,,,,,,,,,15,18,Man,Rechts,
,xotask,21,6,main,highSC,average,16,669,['n'],1,right,['9'],5,192,,,,,,,,,,,15,18,Man,Rechts,
,xotask,22,6,main,highSC,easy,72,684,['c'],1,left,['9'],5,184,,,,,,,,,,,15,18,Man,Rechts,
,xotask,23,6,main,highSC,hard,26,769,['n'],1,right,['9'],5,12,,,,,,,,,,,15,18,Man,Rechts,
,xotask,24,6,main,highSC,hard,53,535,['c'],1,left,['9'],5,193,,,,,,,,,,,15,18,Man,Rechts,
,xotask,25,6,main,highSC,easy,7,534,['n'],1,right,['9'],5,207,,,,,,,,,,,15,18,Man,Rechts,
,xotask,26,6,main,highSC,average,60,501,['c'],1,left,['0'],6,174,,,,,,,,,,,15,18,Man,Rechts,
,xotask,27,6,main,highSC,hard,26,751,['n'],1,right,['3'],3,228,,,,,,,,,,,15,18,Man,Rechts,
,xotask,28,6,main,highSC,average,15,818,['n'],1,right,['0'],6,389,,,,,,,,,,,15,18,Man,Rechts,
,xotask,29,6,main,highSC,hard,50,635,['c'],1,left,['8'],4,230,,,,,,,,,,,15,18,Man,Rechts,
,xotask,30,6,main,highSC,easy,9,484,['n'],1,right,['0'],6,196,,,,,,,,,,,15,18,Man,Rechts,
,xotask,31,6,main,highSC,average,64,652,['c'],1,left,['0'],6,189,,,,,,,,,,,15,18,Man,Rechts,
,xotask,32,6,main,highSC,average,61,485,['c'],1,left,['9'],5,29,,,,,,,,,,,15,18,Man,Rechts,
,xotask,33,6,main,highSC,average,17,550,['n'],1,right,['0'],6,48,,,,,,,,,,,15,18,Man,Rechts,
,xotask,34,6,main,highSC,hard,29,618,['n'],1,right,['8'],4,608,,,,,,,,,,,15,18,Man,Rechts,
,xotask,35,6,main,highSC,hard,25,653,['n'],1,right,['0'],6,184,,,,,,,,,,,15,18,Man,Rechts,
,xotask,36,6,main,highSC,average,17,969,['c'],0,right,['3'],3,212,,,,,,,,,,,15,18,Man,Rechts,
,xotask,37,6,main,highSC,easy,73,552,['n'],0,left,['1'],1,161,,,,,,,,,,,15,18,Man,Rechts,
,xotask,38,6,main,highSC,hard,52,769,['n'],0,left,['1'],1,182,,,,,,,,,,,15,18,Man,Rechts,
,xotask,39,6,main,highSC,hard,26,1019,['n'],1,right,['9'],5,160,,,,,,,,,,,15,18,Man,Rechts,
,xotask,40,6,main,highSC,easy,8,635,['n'],1,right,['0'],6,140,,,,,,,,,,,15,18,Man,Rechts,
,xotask,41,6,main,highSC,hard,53,619,['c'],1,left,['1'],1,232,,,,,,,,,,,15,18,Man,Rechts,
,xotask,42,6,main,highSC,easy,7,1036,['n'],1,right,['0'],6,208,,,,,,,,,,,15,18,Man,Rechts,
,xotask,43,6,main,highSC,easy,73,1286,['c'],1,left,['0'],6,270,,,,,,,,,,,15,18,Man,Rechts,
,xotask,44,6,main,highSC,average,64,552,['c'],1,left,['0'],6,248,,,,,,,,,,,15,18,Man,Rechts,
,xotask,45,6,main,highSC,hard,52,535,['c'],1,left,['0'],6,195,,,,,,,,,,,15,18,Man,Rechts,
,xotask,46,6,main,highSC,hard,25,500,['n'],1,right,['9'],5,402,,,,,,,,,,,15,18,Man,Rechts,
,xotask,47,6,main,highSC,average,16,1402,['n'],1,right,['0'],6,19,,,,,,,,,,,15,18,Man,Rechts,
,xotask,48,6,main,highSC,easy,6,551,['n'],1,right,['0'],6,216,,,,,,,,,,,15,18,Man,Rechts,
,xotask,49,6,main,highSC,easy,73,402,['c'],1,left,['0'],6,346,,,,,,,,,,,15,18,Man,Rechts,
,xotask,50,6,main,highSC,average,64,601,['c'],1,left,['0'],6,190,,,,,,,,,,,15,18,Man,Rechts,
,xotask,51,6,main,highSC,average,17,1119,['n'],1,right,['8'],4,548,,,,,,,,,,,15,18,Man,Rechts,
,xotask,52,6,main,highSC,hard,54,1069,['c'],1,left,['8'],4,397,,,,,,,,,,,15,18,Man,Rechts,
,xotask,53,6,main,highSC,easy,72,685,['c'],1,left,['9'],5,236,,,,,,,,,,,15,18,Man,Rechts,
,xotask,54,6,main,highSC,average,18,669,['c'],0,right,['3'],3,211,,,,,,,,,,,15,18,Man,Rechts,
,xotask,55,6,main,highSC,average,16,918,['n'],1,right,['9'],5,240,,,,,,,,,,,15,18,Man,Rechts,
,xotask,56,6,main,highSC,hard,27,1887,['n'],1,right,['8'],4,213,,,,,,,,,,,15,18,Man,Rechts,
,xotask,57,6,main,highSC,average,61,552,['c'],1,left,['0'],6,241,,,,,,,,,,,15,18,Man,Rechts,
,xotask,58,6,main,highSC,easy,74,552,['c'],1,left,['0'],6,92,,,,,,,,,,,15,18,Man,Rechts,
,xotask,59,6,main,highSC,easy,73,518,['c'],1,left,['0'],6,239,,,,,,,,,,,15,18,Man,Rechts,
,xotask,60,6,main,highSC,easy,6,735,['n'],1,right,['8'],4,178,,,,,,,,,,,15,18,Man,Rechts,
,xotask,61,6,main,highSC,average,16,769,['n'],1,right,['8'],4,967,,,,,,,,,,,15,18,Man,Rechts,
,xotask,62,6,main,highSC,average,18,1152,['c'],0,right,['8'],4,123,,,,,,,,,,,15,18,Man,Rechts,
,xotask,63,6,main,highSC,hard,28,869,['n'],1,right,['3'],3,142,,,,,,,,,,,15,18,Man,Rechts,
,xotask,64,6,main,highSC,easy,9,786,['n'],1,right,['9'],5,213,,,,,,,,,,,15,18,Man,Rechts,
,xotask,65,6,main,highSC,hard,25,502,['n'],1,right,['9'],5,194,,,,,,,,,,,15,18,Man,Rechts,
,xotask,66,6,main,highSC,hard,54,885,['n'],0,left,['8'],4,18,,,,,,,,,,,15,18,Man,Rechts,
,xotask,67,6,main,highSC,average,63,585,['c'],1,left,['8'],4,212,,,,,,,,,,,15,18,Man,Rechts,
,xotask,68,6,main,highSC,easy,71,551,['c'],1,left,['8'],4,224,,,,,,,,,,,15,18,Man,Rechts,
,xotask,69,6,main,highSC,hard,51,501,['c'],1,left,['9'],5,190,,,,,,,,,,,15,18,Man,Rechts,
,xotask,70,6,main,highSC,average,61,452,['c'],1,left,['9'],5,320,,,,,,,,,,,15,18,Man,Rechts,
,xotask,71,6,main,highSC,easy,72,1686,['c'],1,left,['9'],5,345,,,,,,,,,,,15,18,Man,Rechts,
,xotask,0,7,main,highSC,average,16,1920,['n'],1,right,['8'],4,442,,,,,,,,,,,15,18,Man,Rechts,
,xotask,1,7,main,highSC,hard,52,552,['c'],1,left,['8'],4,221,,,,,,,,,,,15,18,Man,Rechts,
,xotask,2,7,main,highSC,easy,73,585,['c'],1,left,['9'],5,136,,,,,,,,,,,15,18,Man,Rechts,
,xotask,3,7,main,highSC,average,61,485,['c'],1,left,['9'],5,602,,,,,,,,,,,15,18,Man,Rechts,
,xotask,4,7,main,highSC,average,15,502,['n'],1,right,['0'],6,200,,,,,,,,,,,15,18,Man,Rechts,
,xotask,5,7,main,highSC,easy,71,686,['c'],1,left,['0'],6,287,,,,,,,,,,,15,18,Man,Rechts,
,xotask,6,7,main,highSC,average,18,468,['n'],1,right,['0'],6,220,,,,,,,,,,,15,18,Man,Rechts,
,xotask,7,7,main,highSC,easy,70,602,['c'],1,left,['0'],6,246,,,,,,,,,,,15,18,Man,Rechts,
,xotask,8,7,main,highSC,easy,74,552,['c'],1,left,['0'],6,209,,,,,,,,,,,15,18,Man,Rechts,
,xotask,9,7,main,highSC,easy,73,1053,['c'],1,left,['9'],5,185,,,,,,,,,,,15,18,Man,Rechts,
,xotask,10,7,main,highSC,average,64,785,['c'],1,left,['0'],6,236,,,,,,,,,,,15,18,Man,Rechts,
,xotask,11,7,main,highSC,average,63,652,['c'],1,left,['0'],6,196,,,,,,,,,,,15,18,Man,Rechts,
,xotask,12,7,main,highSC,hard,54,602,['c'],1,left,['8'],4,270,,,,,,,,,,,15,18,Man,Rechts,
,xotask,13,7,main,highSC,hard,50,986,['c'],1,left,['3'],3,198,,,,,,,,,,,15,18,Man,Rechts,
,xotask,14,7,main,highSC,hard,28,468,['n'],1,right,['9'],5,166,,,,,,,,,,,15,18,Man,Rechts,
,xotask,15,7,main,highSC,average,17,635,['c'],0,right,['8'],4,240,,,,,,,,,,,15,18,Man,Rechts,
,xotask,16,7,main,highSC,average,60,536,['c'],1,left,['9'],5,221,,,,,,,,,,,15,18,Man,Rechts,
,xotask,17,7,main,highSC,easy,6,1269,['n'],1,right,['0'],6,267,,,,,,,,,,,15,18,Man,Rechts,
,xotask,18,7,main,highSC,easy,8,1018,['n'],1,right,['8'],4,386,,,,,,,,,,,15,18,Man,Rechts,
,xotask,19,7,main,highSC,easy,9,652,['n'],1,right,['9'],5,227,,,,,,,,,,,15,18,Man,Rechts,
,xotask,20,7,main,highSC,hard,29,751,['n'],1,right,['9'],5,198,,,,,,,,,,,15,18,Man,Rechts,
,xotask,21,7,main,highSC,easy,74,601,['c'],1,left,['0'],6,209,,,,,,,,,,,15,18,Man,Rechts,
,xotask,22,7,main,highSC,hard,26,635,['n'],1,right,['8'],4,202,,,,,,,,,,,15,18,Man,Rechts,
,xotask,23,7,main,highSC,hard,51,668,['c'],1,left,['8'],4,146,,,,,,,,,,,15,18,Man,Rechts,
,xotask,24,7,main,highSC,easy,74,551,['c'],1,left,['0'],6,225,,,,,,,,,,,15,18,Man,Rechts,
,xotask,25,7,main,highSC,easy,73,485,['c'],1,left,['0'],6,191,,,,,,,,,,,15,18,Man,Rechts,
,xotask,26,7,main,highSC,average,18,502,['n'],1,right,['0'],6,159,,,,,,,,,,,15,18,Man,Rechts,
,xotask,27,7,main,highSC,easy,8,418,['n'],1,right,['0'],6,179,,,,,,,,,,,15,18,Man,Rechts,
,xotask,28,7,main,highSC,average,61,651,['c'],1,left,['9'],5,252,,,,,,,,,,,15,18,Man,Rechts,
,xotask,29,7,main,highSC,hard,25,1019,['n'],1,right,['9'],5,211,,,,,,,,,,,15,18,Man,Rechts,
,xotask,30,7,main,highSC,average,18,652,['n'],1,right,['9'],5,252,,,,,,,,,,,15,18,Man,Rechts,
,xotask,31,7,main,highSC,hard,27,752,['c'],0,right,['9'],5,382,,,,,,,,,,,15,18,Man,Rechts,
,xotask,32,7,main,highSC,hard,27,719,['n'],1,right,['8'],4,236,,,,,,,,,,,15,18,Man,Rechts,
,xotask,33,7,main,highSC,hard,27,1118,['n'],1,right,['3'],3,240,,,,,,,,,,,15,18,Man,Rechts,
,xotask,34,7,main,highSC,hard,26,703,['n'],1,right,['9'],5,198,,,,,,,,,,,15,18,Man,Rechts,
,xotask,35,7,main,highSC,easy,74,502,['c'],1,left,['8'],4,228,,,,,,,,,,,15,18,Man,Rechts,
,xotask,36,7,main,highSC,hard,27,718,['n'],1,right,['3'],3,41,,,,,,,,,,,15,18,Man,Rechts,
,xotask,37,7,main,highSC,average,16,585,['n'],1,right,['9'],5,171,,,,,,,,,,,15,18,Man,Rechts,
,xotask,38,7,main,highSC,easy,5,601,['n'],1,right,['8'],4,247,,,,,,,,,,,15,18,Man,Rechts,
,xotask,39,7,main,highSC,easy,74,818,['c'],1,left,['9'],5,198,,,,,,,,,,,15,18,Man,Rechts,
,xotask,40,7,main,highSC,easy,5,501,['n'],1,right,['9'],5,565,,,,,,,,,,,15,18,Man,Rechts,
,xotask,41,7,main,highSC,hard,54,652,['c'],1,left,['8'],4,222,,,,,,,,,,,15,18,Man,Rechts,
,xotask,42,7,main,highSC,easy,7,569,['n'],1,right,['9'],5,218,,,,,,,,,,,15,18,Man,Rechts,
,xotask,43,7,main,highSC,average,17,752,['n'],1,right,['9'],5,221,,,,,,,,,,,15,18,Man,Rechts,
,xotask,44,7,main,highSC,average,62,668,['c'],1,left,['8'],4,644,,,,,,,,,,,15,18,Man,Rechts,
,xotask,45,7,main,highSC,easy,8,768,['c'],0,right,['2'],2,343,,,,,,,,,,,15,18,Man,Rechts,
,xotask,46,7,main,highSC,average,61,786,['c'],1,left,['0'],6,212,,,,,,,,,,,15,18,Man,Rechts,
,xotask,47,7,main,highSC,average,61,802,['c'],1,left,['8'],4,182,,,,,,,,,,,15,18,Man,Rechts,
,xotask,48,7,main,highSC,hard,27,1252,['n'],1,right,['8'],4,246,,,,,,,,,,,15,18,Man,Rechts,
,xotask,49,7,main,highSC,hard,54,685,['c'],1,left,['8'],4,283,,,,,,,,,,,15,18,Man,Rechts,
,xotask,50,7,main,highSC,easy,72,868,['c'],1,left,['0'],6,119,,,,,,,,,,,15,18,Man,Rechts,
,xotask,51,7,main,highSC,hard,28,852,['n'],1,right,['8'],4,235,,,,,,,,,,,15,18,Man,Rechts,
,xotask,52,7,main,highSC,average,60,434,['c'],1,left,['9'],5,235,,,,,,,,,,,15,18,Man,Rechts,
,xotask,53,7,main,highSC,hard,51,1253,['c'],1,left,['8'],4,218,,,,,,,,,,,15,18,Man,Rechts,
,xotask,54,7,main,highSC,average,63,735,['c'],1,left,['0'],6,238,,,,,,,,,,,15,18,Man,Rechts,
,xotask,55,7,main,highSC,easy,9,618,['n'],1,right,['0'],6,215,,,,,,,,,,,15,18,Man,Rechts,
,xotask,56,7,main,highSC,average,17,602,['n'],1,right,['0'],6,337,,,,,,,,,,,15,18,Man,Rechts,
,xotask,57,7,main,highSC,hard,51,552,['c'],1,left,['8'],4,216,,,,,,,,,,,15,18,Man,Rechts,
,xotask,58,7,main,highSC,hard,53,602,['c'],1,left,['9'],5,322,,,,,,,,,,,15,18,Man,Rechts,
,xotask,59,7,main,highSC,easy,8,502,['n'],1,right,['0'],6,220,,,,,,,,,,,15,18,Man,Rechts,
,xotask,60,7,main,highSC,easy,5,903,['n'],1,right,['0'],6,185,,,,,,,,,,,15,18,Man,Rechts,
,xotask,61,7,main,highSC,average,19,418,['n'],1,right,['9'],5,252,,,,,,,,,,,15,18,Man,Rechts,
,xotask,62,7,main,highSC,hard,28,618,['n'],1,right,['9'],5,212,,,,,,,,,,,15,18,Man,Rechts,
,xotask,63,7,main,highSC,hard,52,534,['c'],1,left,['9'],5,192,,,,,,,,,,,15,18,Man,Rechts,
,xotask,64,7,main,highSC,average,64,418,['c'],1,left,['9'],5,259,,,,,,,,,,,15,18,Man,Rechts,
,xotask,65,7,main,highSC,hard,54,435,['c'],1,left,['9'],5,370,,,,,,,,,,,15,18,Man,Rechts,
,xotask,66,7,main,highSC,average,16,1003,['n'],1,right,['9'],5,646,,,,,,,,,,,15,18,Man,Rechts,
,xotask,67,7,main,highSC,average,60,586,['n'],0,left,['9'],5,271,,,,,,,,,,,15,18,Man,Rechts,
,xotask,68,7,main,highSC,easy,71,619,['c'],1,left,['0'],6,342,,,,,,,,,,,15,18,Man,Rechts,
,xotask,69,7,main,highSC,hard,54,602,['c'],1,left,['3'],3,363,,,,,,,,,,,15,18,Man,Rechts,
,xotask,70,7,main,highSC,easy,5,836,['n'],1,right,['0'],6,181,,,,,,,,,,,15,18,Man,Rechts,
,xotask,71,7,main,highSC,average,17,586,['n'],1,right,['0'],6,193,,,,,,,,,,,15,18,Man,Rechts,
,dotcolour,0,0,training,mediumSC,easy,,685,['n'],1,right,none,-99,-99,16,,,,,,,,,,15,18,Man,Rechts,
,dotcolour,1,0,training,mediumSC,hard,,584,['c'],1,left,none,-99,-99,45,,,,,,,,,,15,18,Man,Rechts,
,dotcolour,2,0,training,mediumSC,average,,1035,['n'],1,right,none,-99,-99,26,,,,,,,,,,15,18,Man,Rechts,
,dotcolour,3,0,training,mediumSC,easy,,535,['n'],1,right,none,-99,-99,19,,,,,,,,,,15,18,Man,Rechts,
,dotcolour,4,0,training,mediumSC,hard,,569,['c'],0,right,none,-99,-99,36,,,,,,,,,,15,18,Man,Rechts,
,dotcolour,5,0,training,mediumSC,easy,,434,['n'],1,right,none,-99,-99,19,,,,,,,,,,15,18,Man,Rechts,
,dotcolour,6,0,training,mediumSC,average,,401,['c'],1,left,none,-99,-99,53,,,,,,,,,,15,18,Man,Rechts,
,dotcolour,7,0,training,mediumSC,hard,,352,['c'],1,left,none,-99,-99,45,,,,,,,,,,15,18,Man,Rechts,
,dotcolour,8,0,training,mediumSC,hard,,369,['n'],1,right,none,-99,-99,39,,,,,,,,,,15,18,Man,Rechts,
,dotcolour,9,0,training,mediumSC,easy,,452,['c'],1,left,none,-99,-99,63,,,,,,,,,,15,18,Man,Rechts,
,dotcolour,10,0,training,mediumSC,hard,,568,['c'],1,left,none,-99,-99,44,,,,,,,,,,15,18,Man,Rechts,
,dotcolour,11,0,training,mediumSC,hard,,518,['n'],1,right,none,-99,-99,38,,,,,,,,,,15,18,Man,Rechts,
,dotcolour,12,0,training,mediumSC,average,,703,['c'],0,right,none,-99,-99,29,,,,,,,,,,15,18,Man,Rechts,
,dotcolour,13,0,training,mediumSC,hard,,619,['c'],0,right,none,-99,-99,37,,,,,,,,,,15,18,Man,Rechts,
,dotcolour,14,0,training,mediumSC,average,,368,['n'],1,right,none,-99,-99,27,,,,,,,,,,15,18,Man,Rechts,
,dotcolour,15,0,training,mediumSC,easy,,368,['c'],1,left,none,-99,-99,62,,,,,,,,,,15,18,Man,Rechts,
,dotcolour,16,0,training,mediumSC,easy,,400,['c'],1,left,none,-99,-99,61,,,,,,,,,,15,18,Man,Rechts,
,dotcolour,17,0,training,mediumSC,hard,,485,['c'],1,left,none,-99,-99,41,,,,,,,,,,15,18,Man,Rechts,
,dotcolour,18,0,training,mediumSC,hard,,435,['n'],1,right,none,-99,-99,36,,,,,,,,,,15,18,Man,Rechts,
,dotcolour,19,0,training,mediumSC,hard,,451,['c'],1,left,none,-99,-99,44,,,,,,,,,,15,18,Man,Rechts,
,dotcolour,20,0,training,mediumSC,hard,,452,['n'],0,left,none,-99,-99,41,,,,,,,,,,15,18,Man,Rechts,
,dotcolour,21,0,training,mediumSC,hard,,518,['n'],1,right,none,-99,-99,36,,,,,,,,,,15,18,Man,Rechts,
,dotcolour,22,0,training,mediumSC,hard,,435,['c'],0,right,none,-99,-99,36,,,,,,,,,,15,18,Man,Rechts,
,dotcolour,23,0,training,mediumSC,hard,,469,['c'],0,right,none,-99,-99,38,,,,,,,,,,15,18,Man,Rechts,
,dotcolour,0,1,training,mediumSC,easy,,502,['n'],1,right,none,-99,-99,16,,,,,,,,,,15,18,Man,Rechts,
,dotcolour,1,1,training,mediumSC,hard,,485,['c'],1,left,none,-99,-99,45,,,,,,,,,,15,18,Man,Rechts,
,dotcolour,2,1,training,mediumSC,easy,,469,['c'],1,left,none,-99,-99,63,,,,,,,,,,15,18,Man,Rechts,
,dotcolour,3,1,training,mediumSC,easy,,468,['c'],1,left,none,-99,-99,62,,,,,,,,,,15,18,Man,Rechts,
,dotcolour,4,1,training,mediumSC,hard,,485,['c'],0,right,none,-99,-99,35,,,,,,,,,,15,18,Man,Rechts,
,dotcolour,5,1,training,mediumSC,average,,367,['n'],1,right,none,-99,-99,26,,,,,,,,,,15,18,Man,Rechts,
,dotcolour,6,1,training,mediumSC,easy,,401,['c'],1,left,none,-99,-99,62,,,,,,,,,,15,18,Man,Rechts,
,dotcolour,7,1,training,mediumSC,average,,484,['c'],1,left,none,-99,-99,55,,,,,,,,,,15,18,Man,Rechts,
,dotcolour,8,1,training,mediumSC,average,,335,['c'],1,left,none,-99,-99,51,,,,,,,,,,15,18,Man,Rechts,
,dotcolour,9,1,training,mediumSC,easy,,335,['c'],1,left,none,-99,-99,63,,,,,,,,,,15,18,Man,Rechts,
,dotcolour,10,1,training,mediumSC,hard,,501,['c'],0,right,none,-99,-99,35,,,,,,,,,,15,18,Man,Rechts,
,dotcolour,11,1,training,mediumSC,hard,,535,['c'],1,left,none,-99,-99,43,,,,,,,,,,15,18,Man,Rechts,
,dotcolour,12,1,training,mediumSC,hard,,601,['c'],1,left,none,-99,-99,43,,,,,,,,,,15,18,Man,Rechts,
,dotcolour,13,1,training,mediumSC,hard,,352,['c'],0,right,none,-99,-99,37,,,,,,,,,,15,18,Man,Rechts,
,dotcolour,14,1,training,mediumSC,average,,485,['n'],1,right,none,-99,-99,27,,,,,,,,,,15,18,Man,Rechts,
,dotcolour,15,1,training,mediumSC,average,,468,['c'],1,left,none,-99,-99,51,,,,,,,,,,15,18,Man,Rechts,
,dotcolour,16,1,training,mediumSC,hard,,668,['n'],0,left,none,-99,-99,42,,,,,,,,,,15,18,Man,Rechts,
,dotcolour,17,1,training,mediumSC,easy,,535,['c'],1,left,none,-99,-99,63,,,,,,,,,,15,18,Man,Rechts,
,dotcolour,18,1,training,mediumSC,easy,,568,['c'],1,left,none,-99,-99,65,,,,,,,,,,15,18,Man,Rechts,
,dotcolour,19,1,training,mediumSC,hard,,668,['n'],1,right,none,-99,-99,37,,,,,,,,,,15,18,Man,Rechts,
,dotcolour,20,1,training,mediumSC,average,,485,['c'],1,left,none,-99,-99,51,,,,,,,,,,15,18,Man,Rechts,
,dotcolour,21,1,training,mediumSC,easy,,469,['c'],1,left,none,-99,-99,61,,,,,,,,,,15,18,Man,Rechts,
,dotcolour,22,1,training,mediumSC,easy,,401,['n'],1,right,none,-99,-99,19,,,,,,,,,,15,18,Man,Rechts,
,dotcolour,23,1,training,mediumSC,average,,618,['n'],1,right,none,-99,-99,29,,,,,,,,,,15,18,Man,Rechts,
,dotcolour,0,2,training,mediumSC,hard,,468,['c'],1,left,none,-99,-99,44,,,,,,,,,,15,18,Man,Rechts,
,dotcolour,1,2,training,mediumSC,hard,,818,['n'],0,left,none,-99,-99,41,,,,,,,,,,15,18,Man,Rechts,
,dotcolour,2,2,training,mediumSC,hard,,502,['c'],1,left,none,-99,-99,44,,,,,,,,,,15,18,Man,Rechts,
,dotcolour,3,2,training,mediumSC,hard,,801,['n'],0,left,none,-99,-99,42,,,,,,,,,,15,18,Man,Rechts,
,dotcolour,4,2,training,mediumSC,hard,,552,['n'],1,right,none,-99,-99,38,,,,,,,,,,15,18,Man,Rechts,
,dotcolour,5,2,training,mediumSC,hard,,651,['c'],1,left,none,-99,-99,41,,,,,,,,,,15,18,Man,Rechts,
,dotcolour,6,2,training,mediumSC,hard,,868,['c'],1,left,none,-99,-99,42,,,,,,,,,,15,18,Man,Rechts,
,dotcolour,7,2,training,mediumSC,average,,517,['n'],1,right,none,-99,-99,25,,,,,,,,,,15,18,Man,Rechts,
,dotcolour,8,2,training,mediumSC,easy,,518,['n'],1,right,none,-99,-99,19,,,,,,,,,,15,18,Man,Rechts,
,dotcolour,9,2,training,mediumSC,easy,,401,['n'],1,right,none,-99,-99,19,,,,,,,,,,15,18,Man,Rechts,
,dotcolour,10,2,training,mediumSC,average,,719,['n'],1,right,none,-99,-99,26,,,,,,,,,,15,18,Man,Rechts,
,dotcolour,11,2,training,mediumSC,hard,,618,['c'],1,left,none,-99,-99,45,,,,,,,,,,15,18,Man,Rechts,
,dotcolour,12,2,training,mediumSC,average,,602,['c'],1,left,none,-99,-99,54,,,,,,,,,,15,18,Man,Rechts,
,dotcolour,13,2,training,mediumSC,easy,,535,['n'],1,right,none,-99,-99,19,,,,,,,,,,15,18,Man,Rechts,
,dotcolour,14,2,training,mediumSC,average,,419,['c'],1,left,none,-99,-99,52,,,,,,,,,,15,18,Man,Rechts,
,dotcolour,15,2,training,mediumSC,hard,,602,['n'],1,right,none,-99,-99,35,,,,,,,,,,15,18,Man,Rechts,
,dotcolour,16,2,training,mediumSC,hard,,834,['n'],0,left,none,-99,-99,41,,,,,,,,,,15,18,Man,Rechts,
,dotcolour,17,2,training,mediumSC,hard,,1052,['n'],1,right,none,-99,-99,39,,,,,,,,,,15,18,Man,Rechts,
,dotcolour,18,2,training,mediumSC,hard,,651,['n'],1,right,none,-99,-99,35,,,,,,,,,,15,18,Man,Rechts,
,dotcolour,19,2,training,mediumSC,easy,,568,['n'],1,right,none,-99,-99,18,,,,,,,,,,15,18,Man,Rechts,
,dotcolour,20,2,training,mediumSC,average,,603,['c'],1,left,none,-99,-99,52,,,,,,,,,,15,18,Man,Rechts,
,dotcolour,21,2,training,mediumSC,hard,,619,['n'],1,right,none,-99,-99,35,,,,,,,,,,15,18,Man,Rechts,
,dotcolour,22,2,training,mediumSC,easy,,501,['c'],1,left,none,-99,-99,63,,,,,,,,,,15,18,Man,Rechts,
,dotcolour,23,2,training,mediumSC,hard,,635,['n'],1,right,none,-99,-99,38,,,,,,,,,,15,18,Man,Rechts,
,dotcolour,0,3,training,mediumSC,hard,,518,['n'],1,right,none,-99,-99,36,,,,,,,,,,15,18,Man,Rechts,
,dotcolour,1,3,training,mediumSC,average,,501,['n'],1,right,none,-99,-99,29,,,,,,,,,,15,18,Man,Rechts,
,dotcolour,2,3,training,mediumSC,easy,,518,['c'],1,left,none,-99,-99,65,,,,,,,,,,15,18,Man,Rechts,
,dotcolour,3,3,training,mediumSC,easy,,419,['c'],1,left,none,-99,-99,62,,,,,,,,,,15,18,Man,Rechts,
,dotcolour,4,3,training,mediumSC,easy,,417,['n'],1,right,none,-99,-99,19,,,,,,,,,,15,18,Man,Rechts,
,dotcolour,5,3,training,mediumSC,average,,485,['n'],1,right,none,-99,-99,25,,,,,,,,,,15,18,Man,Rechts,
,dotcolour,6,3,training,mediumSC,average,,384,['c'],1,left,none,-99,-99,55,,,,,,,,,,15,18,Man,Rechts,
,dotcolour,7,3,training,mediumSC,average,,401,['n'],1,right,none,-99,-99,29,,,,,,,,,,15,18,Man,Rechts,
,dotcolour,8,3,training,mediumSC,easy,,501,['c'],1,left,none,-99,-99,64,,,,,,,,,,15,18,Man,Rechts,
,dotcolour,9,3,training,mediumSC,average,,469,['c'],1,left,none,-99,-99,52,,,,,,,,,,15,18,Man,Rechts,
,dotcolour,10,3,training,mediumSC,hard,,401,['n'],1,right,none,-99,-99,35,,,,,,,,,,15,18,Man,Rechts,
,dotcolour,11,3,training,mediumSC,hard,,468,['n'],1,right,none,-99,-99,39,,,,,,,,,,15,18,Man,Rechts,
,dotcolour,12,3,training,mediumSC,hard,,819,['c'],1,left,none,-99,-99,44,,,,,,,,,,15,18,Man,Rechts,
,dotcolour,13,3,training,mediumSC,average,,501,['n'],1,right,none,-99,-99,29,,,,,,,,,,15,18,Man,Rechts,
,dotcolour,14,3,training,mediumSC,hard,,619,['n'],1,right,none,-99,-99,38,,,,,,,,,,15,18,Man,Rechts,
,dotcolour,15,3,training,mediumSC,average,,418,['c'],1,left,none,-99,-99,53,,,,,,,,,,15,18,Man,Rechts,
,dotcolour,16,3,training,mediumSC,average,,434,['n'],1,right,none,-99,-99,27,,,,,,,,,,15,18,Man,Rechts,
,dotcolour,17,3,training,mediumSC,easy,,451,['c'],1,left,none,-99,-99,65,,,,,,,,,,15,18,Man,Rechts,
,dotcolour,18,3,training,mediumSC,average,,519,['c'],1,left,none,-99,-99,55,,,,,,,,,,15,18,Man,Rechts,
,dotcolour,19,3,training,mediumSC,easy,,401,['n'],1,right,none,-99,-99,16,,,,,,,,,,15,18,Man,Rechts,
,dotcolour,20,3,training,mediumSC,easy,,401,['n'],1,right,none,-99,-99,15,,,,,,,,,,15,18,Man,Rechts,
,dotcolour,21,3,training,mediumSC,easy,,384,['n'],1,right,none,-99,-99,16,,,,,,,,,,15,18,Man,Rechts,
,dotcolour,22,3,training,mediumSC,average,,350,['n'],1,right,none,-99,-99,29,,,,,,,,,,15,18,Man,Rechts,
,dotcolour,23,3,training,mediumSC,easy,,367,['n'],1,right,none,-99,-99,17,,,,,,,,,,15,18,Man,Rechts,
,dotcolour,0,4,training,mediumSC,average,,419,['n'],1,right,none,-99,-99,26,,,,,,,,,,15,18,Man,Rechts,
,dotcolour,1,4,training,mediumSC,easy,,351,['n'],1,right,none,-99,-99,17,,,,,,,,,,15,18,Man,Rechts,
,dotcolour,2,4,training,mediumSC,hard,,352,['c'],1,left,none,-99,-99,43,,,,,,,,,,15,18,Man,Rechts,
,dotcolour,3,4,training,mediumSC,hard,,586,['n'],1,right,none,-99,-99,39,,,,,,,,,,15,18,Man,Rechts,
,dotcolour,4,4,training,mediumSC,average,,468,['n'],1,right,none,-99,-99,25,,,,,,,,,,15,18,Man,Rechts,
,dotcolour,5,4,training,mediumSC,average,,351,['c'],1,left,none,-99,-99,55,,,,,,,,,,15,18,Man,Rechts,
,dotcolour,6,4,training,mediumSC,easy,,418,['c'],1,left,none,-99,-99,63,,,,,,,,,,15,18,Man,Rechts,
,dotcolour,7,4,training,mediumSC,easy,,517,['n'],1,right,none,-99,-99,18,,,,,,,,,,15,18,Man,Rechts,
,dotcolour,8,4,training,mediumSC,average,,334,['c'],1,left,none,-99,-99,52,,,,,,,,,,15,18,Man,Rechts,
,dotcolour,9,4,training,mediumSC,hard,,334,['n'],1,right,none,-99,-99,36,,,,,,,,,,15,18,Man,Rechts,
,dotcolour,10,4,training,mediumSC,easy,,402,['c'],0,right,none,-99,-99,15,,,,,,,,,,15,18,Man,Rechts,
,dotcolour,11,4,training,mediumSC,easy,,385,['n'],1,right,none,-99,-99,16,,,,,,,,,,15,18,Man,Rechts,
,dotcolour,12,4,training,mediumSC,hard,,652,['n'],1,right,none,-99,-99,37,,,,,,,,,,15,18,Man,Rechts,
,dotcolour,13,4,training,mediumSC,easy,,435,['c'],1,left,none,-99,-99,65,,,,,,,,,,15,18,Man,Rechts,
,dotcolour,14,4,training,mediumSC,easy,,402,['c'],1,left,none,-99,-99,63,,,,,,,,,,15,18,Man,Rechts,
,dotcolour,15,4,training,mediumSC,easy,,435,['c'],1,left,none,-99,-99,62,,,,,,,,,,15,18,Man,Rechts,
,dotcolour,16,4,training,mediumSC,hard,,552,['n'],0,left,none,-99,-99,42,,,,,,,,,,15,18,Man,Rechts,
,dotcolour,17,4,training,mediumSC,average,,518,['c'],1,left,none,-99,-99,53,,,,,,,,,,15,18,Man,Rechts,
,dotcolour,18,4,training,mediumSC,easy,,569,['c'],1,left,none,-99,-99,65,,,,,,,,,,15,18,Man,Rechts,
,dotcolour,19,4,training,mediumSC,average,,452,['n'],1,right,none,-99,-99,29,,,,,,,,,,15,18,Man,Rechts,
,dotcolour,20,4,training,mediumSC,hard,,751,['n'],1,right,none,-99,-99,36,,,,,,,,,,15,18,Man,Rechts,
,dotcolour,21,4,training,mediumSC,hard,,902,['n'],0,left,none,-99,-99,44,,,,,,,,,,15,18,Man,Rechts,
,dotcolour,22,4,training,mediumSC,hard,,952,['c'],1,left,none,-99,-99,43,,,,,,,,,,15,18,Man,Rechts,
,dotcolour,23,4,training,mediumSC,easy,,450,['n'],1,right,none,-99,-99,16,,,,,,,,,,15,18,Man,Rechts,
,dotcolour,0,5,main,mediumSC,easy,,752,['c'],1,left,['8'],4,1728,61,,,,,,,,,,15,18,Man,Rechts,
,dotcolour,1,5,main,mediumSC,hard,,836,['c'],0,right,['8'],4,243,37,,,,,,,,,,15,18,Man,Rechts,
,dotcolour,2,5,main,mediumSC,easy,,720,['n'],1,right,['9'],5,216,16,,,,,,,,,,15,18,Man,Rechts,
,dotcolour,3,5,main,mediumSC,easy,,418,['c'],1,left,['9'],5,297,63,,,,,,,,,,15,18,Man,Rechts,
,dotcolour,4,5,main,mediumSC,average,,768,['n'],1,right,['9'],5,233,25,,,,,,,,,,15,18,Man,Rechts,
,dotcolour,5,5,main,mediumSC,average,,534,['n'],1,right,['0'],6,356,25,,,,,,,,,,15,18,Man,Rechts,
,dotcolour,6,5,main,mediumSC,easy,,502,['n'],1,right,['0'],6,205,16,,,,,,,,,,15,18,Man,Rechts,
,dotcolour,7,5,main,mediumSC,easy,,418,['c'],1,left,['0'],6,207,64,,,,,,,,,,15,18,Man,Rechts,
,dotcolour,8,5,main,mediumSC,average,,452,['c'],1,left,['8'],4,224,51,,,,,,,,,,15,18,Man,Rechts,
,dotcolour,9,5,main,mediumSC,easy,,401,['c'],1,left,['0'],6,194,65,,,,,,,,,,15,18,Man,Rechts,
,dotcolour,10,5,main,mediumSC,average,,385,['n'],1,right,['9'],5,214,28,,,,,,,,,,15,18,Man,Rechts,
,dotcolour,11,5,main,mediumSC,hard,,636,['n'],0,left,['3'],3,206,45,,,,,,,,,,15,18,Man,Rechts,
,dotcolour,12,5,main,mediumSC,easy,,485,['n'],1,right,['9'],5,190,17,,,,,,,,,,15,18,Man,Rechts,
,dotcolour,13,5,main,mediumSC,easy,,485,['c'],1,left,['9'],5,206,64,,,,,,,,,,15,18,Man,Rechts,
,dotcolour,14,5,main,mediumSC,hard,,584,['n'],1,right,['3'],3,169,37,,,,,,,,,,15,18,Man,Rechts,
,dotcolour,15,5,main,mediumSC,easy,,451,['n'],0,left,['1'],1,235,65,,,,,,,,,,15,18,Man,Rechts,
,dotcolour,16,5,main,mediumSC,hard,,634,['c'],0,right,['3'],3,323,39,,,,,,,,,,15,18,Man,Rechts,
,dotcolour,17,5,main,mediumSC,easy,,535,['c'],1,left,['9'],5,268,64,,,,,,,,,,15,18,Man,Rechts,
,dotcolour,18,5,main,mediumSC,average,,552,['c'],1,left,['9'],5,245,54,,,,,,,,,,15,18,Man,Rechts,
,dotcolour,19,5,main,mediumSC,average,,768,['n'],0,left,['3'],3,200,51,,,,,,,,,,15,18,Man,Rechts,
,dotcolour,20,5,main,mediumSC,hard,,835,['n'],0,left,['8'],4,441,45,,,,,,,,,,15,18,Man,Rechts,
,dotcolour,21,5,main,mediumSC,average,,685,['n'],1,right,['8'],4,310,29,,,,,,,,,,15,18,Man,Rechts,
,dotcolour,22,5,main,mediumSC,average,,518,['c'],1,left,['8'],4,272,51,,,,,,,,,,15,18,Man,Rechts,
,dotcolour,23,5,main,mediumSC,easy,,752,['n'],1,right,['9'],5,178,18,,,,,,,,,,15,18,Man,Rechts,
,dotcolour,24,5,main,mediumSC,hard,,752,['c'],0,right,['3'],3,88,35,,,,,,,,,,15,18,Man,Rechts,
,dotcolour,25,5,main,mediumSC,hard,,669,['n'],0,left,['8'],4,244,44,,,,,,,,,,15,18,Man,Rechts,
,dotcolour,26,5,main,mediumSC,hard,,735,['c'],0,right,['3'],3,344,38,,,,,,,,,,15,18,Man,Rechts,
,dotcolour,27,5,main,mediumSC,easy,,1420,['n'],1,right,['8'],4,219,18,,,,,,,,,,15,18,Man,Rechts,
,dotcolour,28,5,main,mediumSC,average,,601,['c'],1,left,['3'],3,357,51,,,,,,,,,,15,18,Man,Rechts,
,dotcolour,29,5,main,mediumSC,hard,,802,['n'],0,left,['3'],3,210,45,,,,,,,,,,15,18,Man,Rechts,
,dotcolour,30,5,main,mediumSC,easy,,2304,['c'],0,right,['8'],4,231,19,,,,,,,,,,15,18,Man,Rechts,
,dotcolour,31,5,main,mediumSC,average,,619,['c'],1,left,['8'],4,223,52,,,,,,,,,,15,18,Man,Rechts,
,dotcolour,32,5,main,mediumSC,easy,,551,['c'],1,left,['8'],4,219,64,,,,,,,,,,15,18,Man,Rechts,
,dotcolour,33,5,main,mediumSC,hard,,501,['n'],1,right,['8'],4,169,37,,,,,,,,,,15,18,Man,Rechts,
,dotcolour,34,5,main,mediumSC,average,,517,['c'],1,left,['9'],5,184,53,,,,,,,,,,15,18,Man,Rechts,
,dotcolour,35,5,main,mediumSC,average,,502,['n'],1,right,['9'],5,296,26,,,,,,,,,,15,18,Man,Rechts,
,dotcolour,36,5,main,mediumSC,hard,,686,['c'],1,left,['8'],4,235,43,,,,,,,,,,15,18,Man,Rechts,
,dotcolour,37,5,main,mediumSC,average,,1169,['n'],1,right,['9'],5,205,28,,,,,,,,,,15,18,Man,Rechts,
,dotcolour,38,5,main,mediumSC,easy,,585,['c'],1,left,['8'],4,216,65,,,,,,,,,,15,18,Man,Rechts,
,dotcolour,39,5,main,mediumSC,average,,669,['c'],1,left,['8'],4,224,51,,,,,,,,,,15,18,Man,Rechts,
,dotcolour,40,5,main,mediumSC,hard,,852,['n'],0,left,['9'],5,15,44,,,,,,,,,,15,18,Man,Rechts,
,dotcolour,41,5,main,mediumSC,easy,,619,['n'],1,right,['9'],5,193,15,,,,,,,,,,15,18,Man,Rechts,
,dotcolour,42,5,main,mediumSC,hard,,635,['n'],1,right,['9'],5,202,36,,,,,,,,,,15,18,Man,Rechts,
,dotcolour,43,5,main,mediumSC,hard,,586,['n'],1,right,['3'],3,470,36,,,,,,,,,,15,18,Man,Rechts,
,dotcolour,44,5,main,mediumSC,hard,,701,['n'],0,left,['8'],4,193,42,,,,,,,,,,15,18,Man,Rechts,
,dotcolour,45,5,main,mediumSC,average,,451,['c'],1,left,['9'],5,211,53,,,,,,,,,,15,18,Man,Rechts,
,dotcolour,46,5,main,mediumSC,average,,402,['n'],1,right,['9'],5,245,27,,,,,,,,,,15,18,Man,Rechts,
,dotcolour,47,5,main,mediumSC,easy,,551,['c'],1,left,['8'],4,241,65,,,,,,,,,,15,18,Man,Rechts,
,dotcolour,48,5,main,mediumSC,hard,,902,['n'],0,left,['8'],4,222,44,,,,,,,,,,15,18,Man,Rechts,
,dotcolour,49,5,main,mediumSC,hard,,701,['n'],1,right,['8'],4,179,38,,,,,,,,,,15,18,Man,Rechts,
,dotcolour,50,5,main,mediumSC,hard,,618,['n'],0,left,['8'],4,239,42,,,,,,,,,,15,18,Man,Rechts,
,dotcolour,51,5,main,mediumSC,easy,,485,['n'],1,right,['8'],4,253,15,,,,,,,,,,15,18,Man,Rechts,
,dotcolour,52,5,main,mediumSC,easy,,468,['n'],1,right,['8'],4,251,15,,,,,,,,,,15,18,Man,Rechts,
,dotcolour,53,5,main,mediumSC,easy,,436,['c'],1,left,['9'],5,234,63,,,,,,,,,,15,18,Man,Rechts,
,dotcolour,54,5,main,mediumSC,easy,,418,['n'],1,right,['8'],4,203,18,,,,,,,,,,15,18,Man,Rechts,
,dotcolour,55,5,main,mediumSC,hard,,418,['c'],0,right,['3'],3,413,35,,,,,,,,,,15,18,Man,Rechts,
,dotcolour,56,5,main,mediumSC,hard,,586,['n'],1,right,['8'],4,176,37,,,,,,,,,,15,18,Man,Rechts,
,dotcolour,57,5,main,mediumSC,hard,,485,['n'],1,right,['8'],4,145,36,,,,,,,,,,15,18,Man,Rechts,
,dotcolour,58,5,main,mediumSC,easy,,402,['n'],1,right,['0'],6,214,18,,,,,,,,,,15,18,Man,Rechts,
,dotcolour,59,5,main,mediumSC,hard,,469,['c'],1,left,['8'],4,165,45,,,,,,,,,,15,18,Man,Rechts,
,dotcolour,60,5,main,mediumSC,easy,,368,['n'],1,right,['9'],5,155,17,,,,,,,,,,15,18,Man,Rechts,
,dotcolour,61,5,main,mediumSC,average,,452,['n'],1,right,['0'],6,189,27,,,,,,,,,,15,18,Man,Rechts,
,dotcolour,62,5,main,mediumSC,hard,,384,['c'],1,left,['8'],4,178,42,,,,,,,,,,15,18,Man,Rechts,
,dotcolour,63,5,main,mediumSC,average,,585,['c'],0,right,['3'],3,222,29,,,,,,,,,,15,18,Man,Rechts,
,dotcolour,64,5,main,mediumSC,easy,,551,['c'],1,left,['0'],6,202,61,,,,,,,,,,15,18,Man,Rechts,
,dotcolour,65,5,main,mediumSC,average,,435,['n'],1,right,['0'],6,187,27,,,,,,,,,,15,18,Man,Rechts,
,dotcolour,66,5,main,mediumSC,hard,,569,['c'],1,left,['8'],4,488,44,,,,,,,,,,15,18,Man,Rechts,
,dotcolour,67,5,main,mediumSC,average,,452,['c'],1,left,['9'],5,237,53,,,,,,,,,,15,18,Man,Rechts,
,dotcolour,68,5,main,mediumSC,average,,436,['c'],1,left,['9'],5,205,54,,,,,,,,,,15,18,Man,Rechts,
,dotcolour,69,5,main,mediumSC,average,,419,['n'],1,right,['9'],5,207,26,,,,,,,,,,15,18,Man,Rechts,
,dotcolour,70,5,main,mediumSC,average,,485,['c'],1,left,['8'],4,303,55,,,,,,,,,,15,18,Man,Rechts,
,dotcolour,71,5,main,mediumSC,average,,451,['n'],1,right,['9'],5,187,26,,,,,,,,,,15,18,Man,Rechts,
,dotcolour,0,6,main,mediumSC,average,,734,['c'],1,left,['8'],4,1425,53,,,,,,,,,,15,18,Man,Rechts,
,dotcolour,1,6,main,mediumSC,easy,,568,['c'],1,left,['0'],6,204,63,,,,,,,,,,15,18,Man,Rechts,
,dotcolour,2,6,main,mediumSC,hard,,452,['n'],1,right,['3'],3,220,35,,,,,,,,,,15,18,Man,Rechts,
,dotcolour,3,6,main,mediumSC,average,,669,['n'],1,right,['9'],5,227,27,,,,,,,,,,15,18,Man,Rechts,
,dotcolour,4,6,main,mediumSC,average,,585,['n'],1,right,['9'],5,270,25,,,,,,,,,,15,18,Man,Rechts,
,dotcolour,5,6,main,mediumSC,hard,,602,['n'],0,left,['8'],4,294,42,,,,,,,,,,15,18,Man,Rechts,
,dotcolour,6,6,main,mediumSC,hard,,618,['n'],0,left,['3'],3,204,45,,,,,,,,,,15,18,Man,Rechts,
,dotcolour,7,6,main,mediumSC,average,,518,['n'],1,right,['9'],5,218,29,,,,,,,,,,15,18,Man,Rechts,
,dotcolour,8,6,main,mediumSC,easy,,569,['n'],1,right,['9'],5,229,17,,,,,,,,,,15,18,Man,Rechts,
,dotcolour,9,6,main,mediumSC,average,,435,['n'],1,right,['9'],5,182,27,,,,,,,,,,15,18,Man,Rechts,
,dotcolour,10,6,main,mediumSC,easy,,401,['c'],1,left,['0'],6,58,64,,,,,,,,,,15,18,Man,Rechts,
,dotcolour,11,6,main,mediumSC,easy,,401,['c'],0,right,['1'],1,258,18,,,,,,,,,,15,18,Man,Rechts,
,dotcolour,12,6,main,mediumSC,easy,,518,['n'],1,right,['0'],6,190,15,,,,,,,,,,15,18,Man,Rechts,
,dotcolour,13,6,main,mediumSC,easy,,568,['n'],1,right,['0'],6,219,16,,,,,,,,,,15,18,Man,Rechts,
,dotcolour,14,6,main,mediumSC,easy,,435,['c'],1,left,['9'],5,236,64,,,,,,,,,,15,18,Man,Rechts,
,dotcolour,15,6,main,mediumSC,easy,,419,['c'],1,left,['9'],5,252,65,,,,,,,,,,15,18,Man,Rechts,
,dotcolour,16,6,main,mediumSC,hard,,602,['n'],0,left,['3'],3,373,41,,,,,,,,,,15,18,Man,Rechts,
,dotcolour,17,6,main,mediumSC,easy,,668,['c'],1,left,['0'],6,150,65,,,,,,,,,,15,18,Man,Rechts,
,dotcolour,18,6,main,mediumSC,hard,,686,['c'],1,left,['8'],4,223,43,,,,,,,,,,15,18,Man,Rechts,
,dotcolour,19,6,main,mediumSC,hard,,686,['n'],1,right,['8'],4,214,39,,,,,,,,,,15,18,Man,Rechts,
,dotcolour,20,6,main,mediumSC,average,,469,['n'],0,left,['1'],1,197,54,,,,,,,,,,15,18,Man,Rechts,
,dotcolour,21,6,main,mediumSC,easy,,567,['c'],1,left,['0'],6,209,65,,,,,,,,,,15,18,Man,Rechts,
,dotcolour,22,6,main,mediumSC,hard,,652,['n'],0,left,['8'],4,281,45,,,,,,,,,,15,18,Man,Rechts,
,dotcolour,23,6,main,mediumSC,easy,,903,['n'],1,right,['9'],5,212,19,,,,,,,,,,15,18,Man,Rechts,
,dotcolour,24,6,main,mediumSC,hard,,619,['c'],0,right,['8'],4,206,38,,,,,,,,,,15,18,Man,Rechts,
,dotcolour,25,6,main,mediumSC,average,,668,['c'],1,left,['8'],4,230,53,,,,,,,,,,15,18,Man,Rechts,
,dotcolour,26,6,main,mediumSC,average,,568,['c'],1,left,['8'],4,208,53,,,,,,,,,,15,18,Man,Rechts,
,dotcolour,27,6,main,mediumSC,average,,685,['n'],1,right,['8'],4,136,29,,,,,,,,,,15,18,Man,Rechts,
,dotcolour,28,6,main,mediumSC,average,,1786,['n'],1,right,['8'],4,260,26,,,,,,,,,,15,18,Man,Rechts,
,dotcolour,29,6,main,mediumSC,hard,,418,['c'],1,left,['8'],4,244,41,,,,,,,,,,15,18,Man,Rechts,
,dotcolour,30,6,main,mediumSC,average,,985,['c'],0,right,['8'],4,318,25,,,,,,,,,,15,18,Man,Rechts,
,dotcolour,31,6,main,mediumSC,average,,619,['n'],1,right,['8'],4,211,27,,,,,,,,,,15,18,Man,Rechts,
,dotcolour,32,6,main,mediumSC,hard,,685,['n'],1,right,['8'],4,234,35,,,,,,,,,,15,18,Man,Rechts,
,dotcolour,33,6,main,mediumSC,easy,,468,['n'],1,right,['8'],4,217,19,,,,,,,,,,15,18,Man,Rechts,
,dotcolour,34,6,main,mediumSC,easy,,401,['c'],1,left,['8'],4,267,62,,,,,,,,,,15,18,Man,Rechts,
,dotcolour,35,6,main,mediumSC,hard,,802,['n'],1,right,['8'],4,107,38,,,,,,,,,,15,18,Man,Rechts,
,dotcolour,36,6,main,mediumSC,average,,485,['c'],1,left,['8'],4,606,54,,,,,,,,,,15,18,Man,Rechts,
,dotcolour,37,6,main,mediumSC,easy,,569,['c'],1,left,['8'],4,265,62,,,,,,,,,,15,18,Man,Rechts,
,dotcolour,38,6,main,mediumSC,average,,535,['c'],0,right,['1'],1,180,27,,,,,,,,,,15,18,Man,Rechts,
,dotcolour,39,6,main,mediumSC,easy,,401,['n'],1,right,['0'],6,199,17,,,,,,,,,,15,18,Man,Rechts,
,dotcolour,40,6,main,mediumSC,easy,,401,['n'],1,right,['0'],6,218,17,,,,,,,,,,15,18,Man,Rechts,
,dotcolour,41,6,main,mediumSC,hard,,667,['n'],1,right,['3'],3,289,39,,,,,,,,,,15,18,Man,Rechts,
,dotcolour,42,6,main,mediumSC,easy,,1053,['n'],1,right,['9'],5,278,15,,,,,,,,,,15,18,Man,Rechts,
,dotcolour,43,6,main,mediumSC,average,,635,['n'],1,right,['0'],6,205,25,,,,,,,,,,15,18,Man,Rechts,
,dotcolour,44,6,main,mediumSC,easy,,669,['c'],1,left,['9'],5,228,64,,,,,,,,,,15,18,Man,Rechts,
,dotcolour,45,6,main,mediumSC,hard,,585,['n'],1,right,['8'],4,223,38,,,,,,,,,,15,18,Man,Rechts,
,dotcolour,46,6,main,mediumSC,hard,,752,['c'],1,left,['8'],4,82,45,,,,,,,,,,15,18,Man,Rechts,
,dotcolour,47,6,main,mediumSC,hard,,785,['n'],0,left,['8'],4,234,41,,,,,,,,,,15,18,Man,Rechts,
,dotcolour,48,6,main,mediumSC,average,,819,['c'],1,left,['8'],4,251,51,,,,,,,,,,15,18,Man,Rechts,
,dotcolour,49,6,main,mediumSC,average,,418,['n'],0,left,['3'],3,379,52,,,,,,,,,,15,18,Man,Rechts,
,dotcolour,50,6,main,mediumSC,average,,917,['c'],1,left,['9'],5,97,55,,,,,,,,,,15,18,Man,Rechts,
,dotcolour,51,6,main,mediumSC,easy,,984,['c'],1,left,['9'],5,384,63,,,,,,,,,,15,18,Man,Rechts,
,dotcolour,52,6,main,mediumSC,average,,685,['c'],1,left,['8'],4,432,51,,,,,,,,,,15,18,Man,Rechts,
,dotcolour,53,6,main,mediumSC,hard,,1036,['c'],0,right,['8'],4,239,37,,,,,,,,,,15,18,Man,Rechts,
,dotcolour,54,6,main,mediumSC,easy,,1003,['c'],1,left,['8'],4,264,63,,,,,,,,,,15,18,Man,Rechts,
,dotcolour,55,6,main,mediumSC,hard,,736,['n'],1,right,['8'],4,186,36,,,,,,,,,,15,18,Man,Rechts,
,dotcolour,56,6,main,mediumSC,easy,,535,['c'],0,right,['1'],1,216,18,,,,,,,,,,15,18,Man,Rechts,
,dotcolour,57,6,main,mediumSC,hard,,752,['n'],1,right,['8'],4,156,39,,,,,,,,,,15,18,Man,Rechts,
,dotcolour,58,6,main,mediumSC,average,,501,['c'],1,left,['8'],4,253,55,,,,,,,,,,15,18,Man,Rechts,
,dotcolour,59,6,main,mediumSC,hard,,652,['c'],1,left,['3'],3,179,45,,,,,,,,,,15,18,Man,Rechts,
,dotcolour,60,6,main,mediumSC,hard,,635,['c'],1,left,['8'],4,206,43,,,,,,,,,,15,18,Man,Rechts,
,dotcolour,61,6,main,mediumSC,average,,569,['c'],1,left,['8'],4,282,52,,,,,,,,,,15,18,Man,Rechts,
,dotcolour,62,6,main,mediumSC,average,,452,['c'],1,left,['8'],4,199,52,,,,,,,,,,15,18,Man,Rechts,
,dotcolour,63,6,main,mediumSC,hard,,402,['c'],0,right,['8'],4,186,37,,,,,,,,,,15,18,Man,Rechts,
,dotcolour,64,6,main,mediumSC,hard,,485,['c'],1,left,['3'],3,58,44,,,,,,,,,,15,18,Man,Rechts,
,dotcolour,65,6,main,mediumSC,average,,619,['n'],1,right,['8'],4,378,28,,,,,,,,,,15,18,Man,Rechts,
,dotcolour,66,6,main,mediumSC,easy,,518,['n'],1,right,['8'],4,225,16,,,,,,,,,,15,18,Man,Rechts,
,dotcolour,67,6,main,mediumSC,easy,,551,['n'],1,right,['8'],4,125,17,,,,,,,,,,15,18,Man,Rechts,
,dotcolour,68,6,main,mediumSC,easy,,952,['c'],1,left,['9'],5,29,63,,,,,,,,,,15,18,Man,Rechts,
,dotcolour,69,6,main,mediumSC,hard,,552,['n'],1,right,['9'],5,81,35,,,,,,,,,,15,18,Man,Rechts,
,dotcolour,70,6,main,mediumSC,average,,519,['n'],1,right,['8'],4,227,29,,,,,,,,,,15,18,Man,Rechts,
,dotcolour,71,6,main,mediumSC,hard,,1019,['c'],1,left,['8'],4,188,43,,,,,,,,,,15,18,Man,Rechts,
,dotcolour,0,7,main,mediumSC,hard,,1536,['n'],1,right,['8'],4,176,39,,,,,,,,,,15,18,Man,Rechts,
,dotcolour,1,7,main,mediumSC,easy,,652,['n'],1,right,['9'],5,185,17,,,,,,,,,,15,18,Man,Rechts,
,dotcolour,2,7,main,mediumSC,hard,,551,['n'],1,right,['9'],5,343,37,,,,,,,,,,15,18,Man,Rechts,
,dotcolour,3,7,main,mediumSC,average,,501,['n'],1,right,['8'],4,384,26,,,,,,,,,,15,18,Man,Rechts,
,dotcolour,4,7,main,mediumSC,average,,503,['n'],1,right,['8'],4,215,27,,,,,,,,,,15,18,Man,Rechts,
,dotcolour,5,7,main,mediumSC,hard,,652,['n'],1,right,['8'],4,175,36,,,,,,,,,,15,18,Man,Rechts,
,dotcolour,6,7,main,mediumSC,hard,,535,['n'],0,left,['8'],4,189,42,,,,,,,,,,15,18,Man,Rechts,
,dotcolour,7,7,main,mediumSC,hard,,552,['c'],1,left,['9'],5,219,44,,,,,,,,,,15,18,Man,Rechts,
,dotcolour,8,7,main,mediumSC,average,,452,['c'],1,left,['9'],5,219,51,,,,,,,,,,15,18,Man,Rechts,
,dotcolour,9,7,main,mediumSC,hard,,635,['n'],1,right,['8'],4,435,38,,,,,,,,,,15,18,Man,Rechts,
,dotcolour,10,7,main,mediumSC,average,,752,['n'],1,right,['9'],5,206,29,,,,,,,,,,15,18,Man,Rechts,
,dotcolour,11,7,main,mediumSC,hard,,618,['c'],1,left,['8'],4,232,45,,,,,,,,,,15,18,Man,Rechts,
,dotcolour,12,7,main,mediumSC,hard,,535,['n'],1,right,['9'],5,196,35,,,,,,,,,,15,18,Man,Rechts,
,dotcolour,13,7,main,mediumSC,hard,,734,['c'],1,left,['8'],4,298,41,,,,,,,,,,15,18,Man,Rechts,
,dotcolour,14,7,main,mediumSC,average,,551,['c'],1,left,['8'],4,258,52,,,,,,,,,,15,18,Man,Rechts,
,dotcolour,15,7,main,mediumSC,easy,,418,['n'],1,right,['0'],6,322,19,,,,,,,,,,15,18,Man,Rechts,
,dotcolour,16,7,main,mediumSC,hard,,601,['c'],1,left,['9'],5,264,42,,,,,,,,,,15,18,Man,Rechts,
,dotcolour,17,7,main,mediumSC,hard,,735,['n'],0,left,['8'],4,202,41,,,,,,,,,,15,18,Man,Rechts,
,dotcolour,18,7,main,mediumSC,average,,586,['n'],1,right,['9'],5,229,29,,,,,,,,,,15,18,Man,Rechts,
,dotcolour,19,7,main,mediumSC,hard,,584,['c'],0,right,['8'],4,255,38,,,,,,,,,,15,18,Man,Rechts,
,dotcolour,20,7,main,mediumSC,average,,568,['n'],1,right,['9'],5,201,26,,,,,,,,,,15,18,Man,Rechts,
,dotcolour,21,7,main,mediumSC,easy,,452,['n'],1,right,['9'],5,250,19,,,,,,,,,,15,18,Man,Rechts,
,dotcolour,22,7,main,mediumSC,easy,,403,['c'],1,left,['8'],4,251,65,,,,,,,,,,15,18,Man,Rechts,
,dotcolour,23,7,main,mediumSC,average,,469,['c'],1,left,['8'],4,313,54,,,,,,,,,,15,18,Man,Rechts,
,dotcolour,24,7,main,mediumSC,average,,402,['n'],1,right,['8'],4,199,27,,,,,,,,,,15,18,Man,Rechts,
,dotcolour,25,7,main,mediumSC,average,,468,['c'],1,left,['8'],4,231,51,,,,,,,,,,15,18,Man,Rechts,
,dotcolour,26,7,main,mediumSC,average,,568,['n'],1,right,['8'],4,226,25,,,,,,,,,,15,18,Man,Rechts,
,dotcolour,27,7,main,mediumSC,average,,485,['c'],1,left,['9'],5,497,53,,,,,,,,,,15,18,Man,Rechts,
,dotcolour,28,7,main,mediumSC,easy,,1369,['c'],1,left,['9'],5,223,61,,,,,,,,,,15,18,Man,Rechts,
,dotcolour,29,7,main,mediumSC,hard,,535,['c'],1,left,['8'],4,252,44,,,,,,,,,,15,18,Man,Rechts,
,dotcolour,30,7,main,mediumSC,easy,,669,['n'],1,right,['9'],5,706,15,,,,,,,,,,15,18,Man,Rechts,
,dotcolour,31,7,main,mediumSC,hard,,652,['c'],0,right,['8'],4,214,35,,,,,,,,,,15,18,Man,Rechts,
,dotcolour,32,7,main,mediumSC,average,,519,['n'],1,right,['9'],5,243,28,,,,,,,,,,15,18,Man,Rechts,
,dotcolour,33,7,main,mediumSC,easy,,468,['n'],1,right,['0'],6,210,15,,,,,,,,,,15,18,Man,Rechts,
,dotcolour,34,7,main,mediumSC,easy,,385,['n'],1,right,['9'],5,213,19,,,,,,,,,,15,18,Man,Rechts,
,dotcolour,35,7,main,mediumSC,average,,1553,['c'],1,left,['9'],5,216,55,,,,,,,,,,15,18,Man,Rechts,
,dotcolour,36,7,main,mediumSC,average,,551,['n'],1,right,['8'],4,276,27,,,,,,,,,,15,18,Man,Rechts,
,dotcolour,37,7,main,mediumSC,easy,,618,['c'],1,left,['9'],5,459,63,,,,,,,,,,15,18,Man,Rechts,
,dotcolour,38,7,main,mediumSC,average,,502,['n'],1,right,['9'],5,112,29,,,,,,,,,,15,18,Man,Rechts,
,dotcolour,39,7,main,mediumSC,easy,,568,['c'],0,right,['1'],1,208,15,,,,,,,,,,15,18,Man,Rechts,
,dotcolour,40,7,main,mediumSC,hard,,953,['n'],0,left,['8'],4,220,42,,,,,,,,,,15,18,Man,Rechts,
,dotcolour,41,7,main,mediumSC,average,,736,['c'],1,left,['9'],5,192,53,,,,,,,,,,15,18,Man,Rechts,
,dotcolour,42,7,main,mediumSC,average,,535,['c'],1,left,['8'],4,334,52,,,,,,,,,,15,18,Man,Rechts,
,dotcolour,43,7,main,mediumSC,hard,,435,['c'],1,left,['8'],4,250,44,,,,,,,,,,15,18,Man,Rechts,
,dotcolour,44,7,main,mediumSC,easy,,501,['c'],1,left,['8'],4,903,61,,,,,,,,,,15,18,Man,Rechts,
,dotcolour,45,7,main,mediumSC,easy,,568,['c'],1,left,['8'],4,454,63,,,,,,,,,,15,18,Man,Rechts,
,dotcolour,46,7,main,mediumSC,hard,,1153,['n'],1,right,['8'],4,352,39,,,,,,,,,,15,18,Man,Rechts,
,dotcolour,47,7,main,mediumSC,hard,,969,['n'],1,right,['8'],4,261,39,,,,,,,,,,15,18,Man,Rechts,
,dotcolour,48,7,main,mediumSC,hard,,1353,['c'],1,left,['8'],4,1295,45,,,,,,,,,,15,18,Man,Rechts,
,dotcolour,49,7,main,mediumSC,average,,901,['n'],1,right,['8'],4,481,27,,,,,,,,,,15,18,Man,Rechts,
,dotcolour,50,7,main,mediumSC,average,,486,['c'],1,left,['8'],4,468,51,,,,,,,,,,15,18,Man,Rechts,
,dotcolour,51,7,main,mediumSC,easy,,502,['n'],1,right,['8'],4,216,19,,,,,,,,,,15,18,Man,Rechts,
,dotcolour,52,7,main,mediumSC,easy,,502,['n'],1,right,['8'],4,214,17,,,,,,,,,,15,18,Man,Rechts,
,dotcolour,53,7,main,mediumSC,easy,,385,['c'],1,left,['8'],4,233,64,,,,,,,,,,15,18,Man,Rechts,
,dotcolour,54,7,main,mediumSC,easy,,402,['c'],1,left,['8'],4,202,62,,,,,,,,,,15,18,Man,Rechts,
,dotcolour,55,7,main,mediumSC,average,,402,['c'],1,left,['8'],4,45,52,,,,,,,,,,15,18,Man,Rechts,
,dotcolour,56,7,main,mediumSC,average,,635,['c'],0,right,['2'],2,205,27,,,,,,,,,,15,18,Man,Rechts,
,dotcolour,57,7,main,mediumSC,easy,,985,['n'],1,right,['8'],4,248,18,,,,,,,,,,15,18,Man,Rechts,
,dotcolour,58,7,main,mediumSC,easy,,551,['c'],1,left,['8'],4,243,61,,,,,,,,,,15,18,Man,Rechts,
,dotcolour,59,7,main,mediumSC,easy,,451,['c'],1,left,['8'],4,258,63,,,,,,,,,,15,18,Man,Rechts,
,dotcolour,60,7,main,mediumSC,easy,,434,['c'],1,left,['8'],4,241,65,,,,,,,,,,15,18,Man,Rechts,
,dotcolour,61,7,main,mediumSC,hard,,1136,['c'],0,right,['8'],4,181,39,,,,,,,,,,15,18,Man,Rechts,
,dotcolour,62,7,main,mediumSC,easy,,568,['n'],1,right,['8'],4,337,17,,,,,,,,,,15,18,Man,Rechts,
,dotcolour,63,7,main,mediumSC,hard,,685,['c'],1,left,['8'],4,195,43,,,,,,,,,,15,18,Man,Rechts,
,dotcolour,64,7,main,mediumSC,average,,485,['c'],1,left,['8'],4,403,53,,,,,,,,,,15,18,Man,Rechts,
,dotcolour,65,7,main,mediumSC,easy,,468,['c'],1,left,['8'],4,283,64,,,,,,,,,,15,18,Man,Rechts,
,dotcolour,66,7,main,mediumSC,easy,,719,['n'],1,right,['8'],4,333,18,,,,,,,,,,15,18,Man,Rechts,
,dotcolour,67,7,main,mediumSC,average,,469,['c'],1,left,['3'],3,264,53,,,,,,,,,,15,18,Man,Rechts,
,dotcolour,68,7,main,mediumSC,hard,,702,['n'],1,right,['8'],4,219,37,,,,,,,,,,15,18,Man,Rechts,
,dotcolour,69,7,main,mediumSC,easy,,384,['c'],1,left,['0'],6,174,65,,,,,,,,,,15,18,Man,Rechts,
,dotcolour,70,7,main,mediumSC,hard,,602,['n'],1,right,['8'],4,298,35,,,,,,,,,,15,18,Man,Rechts,
,dotcolour,71,7,main,mediumSC,hard,,603,['c'],1,left,['8'],4,193,44,,,,,,,,,,15,18,Man,Rechts,
,dotnumber,0,0,training,lowSC,easy,,551,['n'],1,right,none,-99,-99,,50,75,,,,,,,,15,18,Man,Rechts,
,dotnumber,1,0,training,lowSC,average,,384,['n'],1,right,none,-99,-99,,36,50,,,,,,,,15,18,Man,Rechts,
,dotnumber,2,0,training,lowSC,hard,,385,['n'],0,left,none,-99,-99,,50,46,,,,,,,,15,18,Man,Rechts,
,dotnumber,3,0,training,lowSC,easy,,485,['c'],1,left,none,-99,-99,,50,27,,,,,,,,15,18,Man,Rechts,
,dotnumber,4,0,training,lowSC,easy,,402,['n'],1,right,none,-99,-99,,50,73,,,,,,,,15,18,Man,Rechts,
,dotnumber,5,0,training,lowSC,hard,,418,['n'],1,right,none,-99,-99,,47,50,,,,,,,,15,18,Man,Rechts,
,dotnumber,6,0,training,lowSC,easy,,434,['c'],1,left,none,-99,-99,,50,25,,,,,,,,15,18,Man,Rechts,
,dotnumber,7,0,training,lowSC,average,,468,['c'],1,left,none,-99,-99,,50,38,,,,,,,,15,18,Man,Rechts,
,dotnumber,8,0,training,lowSC,average,,568,['c'],1,left,none,-99,-99,,62,50,,,,,,,,15,18,Man,Rechts,
,dotnumber,9,0,training,lowSC,hard,,551,['n'],1,right,none,-99,-99,,50,51,,,,,,,,15,18,Man,Rechts,
,dotnumber,10,0,training,lowSC,easy,,435,['n'],1,right,none,-99,-99,,25,50,,,,,,,,15,18,Man,Rechts,
,dotnumber,11,0,training,lowSC,easy,,435,['c'],1,left,none,-99,-99,,50,26,,,,,,,,15,18,Man,Rechts,
,dotnumber,12,0,training,lowSC,easy,,518,['n'],1,right,none,-99,-99,,25,50,,,,,,,,15,18,Man,Rechts,
,dotnumber,13,0,training,lowSC,hard,,367,['c'],1,left,none,-99,-99,,50,49,,,,,,,,15,18,Man,Rechts,
,dotnumber,14,0,training,lowSC,easy,,685,['c'],0,right,none,-99,-99,,27,50,,,,,,,,15,18,Man,Rechts,
,dotnumber,15,0,training,lowSC,average,,468,['c'],1,left,none,-99,-99,,50,36,,,,,,,,15,18,Man,Rechts,
,dotnumber,16,0,training,lowSC,hard,,586,['n'],0,left,none,-99,-99,,54,50,,,,,,,,15,18,Man,Rechts,
,dotnumber,17,0,training,lowSC,easy,,434,['c'],1,left,none,-99,-99,,74,50,,,,,,,,15,18,Man,Rechts,
,dotnumber,18,0,training,lowSC,average,,602,['n'],0,left,none,-99,-99,,50,38,,,,,,,,15,18,Man,Rechts,
,dotnumber,19,0,training,lowSC,easy,,468,['n'],1,right,none,-99,-99,,50,74,,,,,,,,15,18,Man,Rechts,
,dotnumber,20,0,training,lowSC,hard,,486,['c'],1,left,none,-99,-99,,50,46,,,,,,,,15,18,Man,Rechts,
,dotnumber,21,0,training,lowSC,average,,602,['n'],1,right,none,-99,-99,,50,64,,,,,,,,15,18,Man,Rechts,
,dotnumber,22,0,training,lowSC,average,,485,['c'],1,left,none,-99,-99,,50,36,,,,,,,,15,18,Man,Rechts,
,dotnumber,23,0,training,lowSC,hard,,635,['n'],1,right,none,-99,-99,,50,54,,,,,,,,15,18,Man,Rechts,
,dotnumber,0,1,training,lowSC,easy,,501,['c'],1,left,none,-99,-99,,50,27,,,,,,,,15,18,Man,Rechts,
,dotnumber,1,1,training,lowSC,easy,,552,['n'],1,right,none,-99,-99,,27,50,,,,,,,,15,18,Man,Rechts,
,dotnumber,2,1,training,lowSC,average,,486,['c'],1,left,none,-99,-99,,50,39,,,,,,,,15,18,Man,Rechts,
,dotnumber,3,1,training,lowSC,easy,,468,['n'],1,right,none,-99,-99,,50,73,,,,,,,,15,18,Man,Rechts,
,dotnumber,4,1,training,lowSC,average,,534,['c'],1,left,none,-99,-99,,50,39,,,,,,,,15,18,Man,Rechts,
,dotnumber,5,1,training,lowSC,average,,703,['n'],0,left,none,-99,-99,,61,50,,,,,,,,15,18,Man,Rechts,
,dotnumber,6,1,training,lowSC,average,,518,['c'],1,left,none,-99,-99,,50,35,,,,,,,,15,18,Man,Rechts,
,dotnumber,7,1,training,lowSC,hard,,802,['c'],0,right,none,-99,-99,,50,53,,,,,,,,15,18,Man,Rechts,
,dotnumber,8,1,training,lowSC,hard,,651,['n'],1,right,none,-99,-99,,45,50,,,,,,,,15,18,Man,Rechts,
,dotnumber,9,1,training,lowSC,hard,,569,['c'],1,left,none,-99,-99,,52,50,,,,,,,,15,18,Man,Rechts,
,dotnumber,10,1,training,lowSC,easy,,551,['n'],1,right,none,-99,-99,,29,50,,,,,,,,15,18,Man,Rechts,
,dotnumber,11,1,training,lowSC,average,,418,['c'],1,left,none,-99,-99,,50,35,,,,,,,,15,18,Man,Rechts,
,dotnumber,12,1,training,lowSC,average,,986,['c'],1,left,none,-99,-99,,61,50,,,,,,,,15,18,Man,Rechts,
,dotnumber,13,1,training,lowSC,easy,,568,['c'],1,left,none,-99,-99,,75,50,,,,,,,,15,18,Man,Rechts,
,dotnumber,14,1,training,lowSC,hard,,901,['n'],1,right,none,-99,-99,,50,55,,,,,,,,15,18,Man,Rechts,
,dotnumber,15,1,training,lowSC,hard,,551,['c'],1,left,none,-99,-99,,55,50,,,,,,,,15,18,Man,Rechts,
,dotnumber,16,1,training,lowSC,average,,684,['c'],1,left,none,-99,-99,,50,36,,,,,,,,15,18,Man,Rechts,
,dotnumber,17,1,training,lowSC,hard,,518,['n'],1,right,none,-99,-99,,48,50,,,,,,,,15,18,Man,Rechts,
,dotnumber,18,1,training,lowSC,hard,,634,['c'],1,left,none,-99,-99,,50,48,,,,,,,,15,18,Man,Rechts,
,dotnumber,19,1,training,lowSC,easy,,535,['n'],1,right,none,-99,-99,,50,74,,,,,,,,15,18,Man,Rechts,
,dotnumber,20,1,training,lowSC,hard,,485,['c'],0,right,none,-99,-99,,49,50,,,,,,,,15,18,Man,Rechts,
,dotnumber,21,1,training,lowSC,average,,635,['c'],1,left,none,-99,-99,,61,50,,,,,,,,15,18,Man,Rechts,
,dotnumber,22,1,training,lowSC,hard,,585,['n'],1,right,none,-99,-99,,48,50,,,,,,,,15,18,Man,Rechts,
,dotnumber,23,1,training,lowSC,easy,,451,['c'],1,left,none,-99,-99,,75,50,,,,,,,,15,18,Man,Rechts,
,dotnumber,0,2,training,lowSC,average,,485,['n'],1,right,none,-99,-99,,36,50,,,,,,,,15,18,Man,Rechts,
,dotnumber,1,2,training,lowSC,average,,635,['n'],0,left,none,-99,-99,,64,50,,,,,,,,15,18,Man,Rechts,
,dotnumber,2,2,training,lowSC,easy,,518,['c'],1,left,none,-99,-99,,50,26,,,,,,,,15,18,Man,Rechts,
,dotnumber,3,2,training,lowSC,average,,651,['c'],1,left,none,-99,-99,,50,38,,,,,,,,15,18,Man,Rechts,
,dotnumber,4,2,training,lowSC,easy,,568,['n'],1,right,none,-99,-99,,29,50,,,,,,,,15,18,Man,Rechts,
,dotnumber,5,2,training,lowSC,easy,,801,['n'],1,right,none,-99,-99,,26,50,,,,,,,,15,18,Man,Rechts,
,dotnumber,6,2,training,lowSC,average,,518,['c'],0,right,none,-99,-99,,35,50,,,,,,,,15,18,Man,Rechts,
,dotnumber,7,2,training,lowSC,easy,,467,['n'],1,right,none,-99,-99,,25,50,,,,,,,,15,18,Man,Rechts,
,dotnumber,8,2,training,lowSC,hard,,519,['n'],0,left,none,-99,-99,,50,49,,,,,,,,15,18,Man,Rechts,
,dotnumber,9,2,training,lowSC,easy,,418,['c'],1,left,none,-99,-99,,50,29,,,,,,,,15,18,Man,Rechts,
,dotnumber,10,2,training,lowSC,easy,,501,['n'],0,left,none,-99,-99,,72,50,,,,,,,,15,18,Man,Rechts,
,dotnumber,11,2,training,lowSC,average,,467,['n'],1,right,none,-99,-99,,35,50,,,,,,,,15,18,Man,Rechts,
,dotnumber,12,2,training,lowSC,hard,,652,['c'],0,right,none,-99,-99,,47,50,,,,,,,,15,18,Man,Rechts,
,dotnumber,13,2,training,lowSC,hard,,785,['c'],0,right,none,-99,-99,,49,50,,,,,,,,15,18,Man,Rechts,
,dotnumber,14,2,training,lowSC,hard,,435,['c'],1,left,none,-99,-99,,55,50,,,,,,,,15,18,Man,Rechts,
,dotnumber,15,2,training,lowSC,easy,,519,['c'],1,left,none,-99,-99,,71,50,,,,,,,,15,18,Man,Rechts,
,dotnumber,16,2,training,lowSC,average,,451,['n'],0,left,none,-99,-99,,61,50,,,,,,,,15,18,Man,Rechts,
,dotnumber,17,2,training,lowSC,easy,,468,['c'],1,left,none,-99,-99,,50,27,,,,,,,,15,18,Man,Rechts,
,dotnumber,18,2,training,lowSC,easy,,401,['c'],1,left,none,-99,-99,,50,26,,,,,,,,15,18,Man,Rechts,
,dotnumber,19,2,training,lowSC,hard,,551,['c'],1,left,none,-99,-99,,52,50,,,,,,,,15,18,Man,Rechts,
,dotnumber,20,2,training,lowSC,hard,,568,['n'],1,right,none,-99,-99,,48,50,,,,,,,,15,18,Man,Rechts,
,dotnumber,21,2,training,lowSC,easy,,468,['n'],1,right,none,-99,-99,,25,50,,,,,,,,15,18,Man,Rechts,
,dotnumber,22,2,training,lowSC,average,,435,['c'],1,left,none,-99,-99,,50,37,,,,,,,,15,18,Man,Rechts,
,dotnumber,23,2,training,lowSC,hard,,618,['n'],1,right,none,-99,-99,,50,55,,,,,,,,15,18,Man,Rechts,
,dotnumber,0,3,training,lowSC,hard,,552,['c'],0,right,none,-99,-99,,46,50,,,,,,,,15,18,Man,Rechts,
,dotnumber,1,3,training,lowSC,average,,601,['n'],1,right,none,-99,-99,,38,50,,,,,,,,15,18,Man,Rechts,
,dotnumber,2,3,training,lowSC,easy,,501,['c'],1,left,none,-99,-99,,50,26,,,,,,,,15,18,Man,Rechts,
,dotnumber,3,3,training,lowSC,easy,,434,['n'],1,right,none,-99,-99,,26,50,,,,,,,,15,18,Man,Rechts,
,dotnumber,4,3,training,lowSC,hard,,535,['n'],1,right,none,-99,-99,,46,50,,,,,,,,15,18,Man,Rechts,
,dotnumber,5,3,training,lowSC,average,,834,['n'],1,right,none,-99,-99,,39,50,,,,,,,,15,18,Man,Rechts,
,dotnumber,6,3,training,lowSC,average,,468,['c'],1,left,none,-99,-99,,63,50,,,,,,,,15,18,Man,Rechts,
,dotnumber,7,3,training,lowSC,average,,468,['n'],1,right,none,-99,-99,,50,62,,,,,,,,15,18,Man,Rechts,
,dotnumber,8,3,training,lowSC,average,,452,['c'],1,left,none,-99,-99,,50,39,,,,,,,,15,18,Man,Rechts,
,dotnumber,9,3,training,lowSC,easy,,501,['c'],1,left,none,-99,-99,,50,29,,,,,,,,15,18,Man,Rechts,
,dotnumber,10,3,training,lowSC,easy,,568,['c'],1,left,none,-99,-99,,73,50,,,,,,,,15,18,Man,Rechts,
,dotnumber,11,3,training,lowSC,easy,,502,['n'],1,right,none,-99,-99,,50,72,,,,,,,,15,18,Man,Rechts,
,dotnumber,12,3,training,lowSC,easy,,552,['c'],1,left,none,-99,-99,,71,50,,,,,,,,15,18,Man,Rechts,
,dotnumber,13,3,training,lowSC,hard,,602,['c'],0,right,none,-99,-99,,50,55,,,,,,,,15,18,Man,Rechts,
,dotnumber,14,3,training,lowSC,hard,,468,['n'],1,right,none,-99,-99,,50,52,,,,,,,,15,18,Man,Rechts,
,dotnumber,15,3,training,lowSC,hard,,518,['c'],1,left,none,-99,-99,,51,50,,,,,,,,15,18,Man,Rechts,
,dotnumber,16,3,training,lowSC,average,,519,['n'],1,right,none,-99,-99,,35,50,,,,,,,,15,18,Man,Rechts,
,dotnumber,17,3,training,lowSC,average,,435,['c'],1,left,none,-99,-99,,63,50,,,,,,,,15,18,Man,Rechts,
,dotnumber,18,3,training,lowSC,average,,535,['n'],1,right,none,-99,-99,,38,50,,,,,,,,15,18,Man,Rechts,
,dotnumber,19,3,training,lowSC,average,,400,['c'],0,right,none,-99,-99,,50,62,,,,,,,,15,18,Man,Rechts,
,dotnumber,20,3,training,lowSC,hard,,435,['c'],1,left,none,-99,-99,,50,49,,,,,,,,15,18,Man,Rechts,
,dotnumber,21,3,training,lowSC,hard,,535,['n'],0,left,none,-99,-99,,55,50,,,,,,,,15,18,Man,Rechts,
,dotnumber,22,3,training,lowSC,easy,,552,['n'],1,right,none,-99,-99,,28,50,,,,,,,,15,18,Man,Rechts,
,dotnumber,23,3,training,lowSC,easy,,435,['c'],1,left,none,-99,-99,,50,26,,,,,,,,15,18,Man,Rechts,
,dotnumber,0,4,training,lowSC,easy,,567,['c'],1,left,none,-99,-99,,50,26,,,,,,,,15,18,Man,Rechts,
,dotnumber,1,4,training,lowSC,easy,,502,['n'],1,right,none,-99,-99,,50,74,,,,,,,,15,18,Man,Rechts,
,dotnumber,2,4,training,lowSC,hard,,602,['n'],0,left,none,-99,-99,,51,50,,,,,,,,15,18,Man,Rechts,
,dotnumber,3,4,training,lowSC,easy,,652,['c'],0,right,none,-99,-99,,50,73,,,,,,,,15,18,Man,Rechts,
,dotnumber,4,4,training,lowSC,easy,,518,['n'],1,right,none,-99,-99,,50,74,,,,,,,,15,18,Man,Rechts,
,dotnumber,5,4,training,lowSC,average,,502,['c'],1,left,none,-99,-99,,50,36,,,,,,,,15,18,Man,Rechts,
,dotnumber,6,4,training,lowSC,average,,618,['n'],1,right,none,-99,-99,,37,50,,,,,,,,15,18,Man,Rechts,
,dotnumber,7,4,training,lowSC,easy,,550,['c'],1,left,none,-99,-99,,50,26,,,,,,,,15,18,Man,Rechts,
,dotnumber,8,4,training,lowSC,hard,,485,['n'],0,left,none,-99,-99,,50,45,,,,,,,,15,18,Man,Rechts,
,dotnumber,9,4,training,lowSC,average,,568,['n'],1,right,none,-99,-99,,50,63,,,,,,,,15,18,Man,Rechts,
,dotnumber,10,4,training,lowSC,easy,,552,['c'],1,left,none,-99,-99,,72,50,,,,,,,,15,18,Man,Rechts,
,dotnumber,11,4,training,lowSC,average,,534,['c'],1,left,none,-99,-99,,61,50,,,,,,,,15,18,Man,Rechts,
,dotnumber,12,4,training,lowSC,average,,1353,['n'],0,left,none,-99,-99,,62,50,,,,,,,,15,18,Man,Rechts,
,dotnumber,13,4,training,lowSC,hard,,735,['n'],1,right,none,-99,-99,,50,55,,,,,,,,15,18,Man,Rechts,
,dotnumber,14,4,training,lowSC,hard,,618,['c'],0,right,none,-99,-99,,50,55,,,,,,,,15,18,Man,Rechts,
,dotnumber,15,4,training,lowSC,hard,,635,['n'],0,left,none,-99,-99,,54,50,,,,,,,,15,18,Man,Rechts,
,dotnumber,16,4,training,lowSC,easy,,485,['c'],1,left,none,-99,-99,,50,27,,,,,,,,15,18,Man,Rechts,
,dotnumber,17,4,training,lowSC,easy,,468,['n'],1,right,none,-99,-99,,26,50,,,,,,,,15,18,Man,Rechts,
,dotnumber,18,4,training,lowSC,average,,519,['c'],1,left,none,-99,-99,,62,50,,,,,,,,15,18,Man,Rechts,
,dotnumber,19,4,training,lowSC,hard,,601,['c'],1,left,none,-99,-99,,54,50,,,,,,,,15,18,Man,Rechts,
,dotnumber,20,4,training,lowSC,easy,,585,['n'],1,right,none,-99,-99,,28,50,,,,,,,,15,18,Man,Rechts,
,dotnumber,21,4,training,lowSC,easy,,485,['c'],1,left,none,-99,-99,,50,28,,,,,,,,15,18,Man,Rechts,
,dotnumber,22,4,training,lowSC,hard,,468,['c'],1,left,none,-99,-99,,50,46,,,,,,,,15,18,Man,Rechts,
,dotnumber,23,4,training,lowSC,easy,,402,['n'],0,left,none,-99,-99,,71,50,,,,,,,,15,18,Man,Rechts,
,dotnumber,0,5,main,lowSC,hard,,952,['n'],1,right,['3'],3,679,,49,50,,,,,,,,15,18,Man,Rechts,
,dotnumber,1,5,main,lowSC,average,,467,['n'],1,right,['3'],3,469,,50,62,,,,,,,,15,18,Man,Rechts,
,dotnumber,2,5,main,lowSC,easy,,568,['c'],1,left,['8'],4,262,,72,50,,,,,,,,15,18,Man,Rechts,
,dotnumber,3,5,main,lowSC,average,,885,['c'],1,left,['3'],3,228,,61,50,,,,,,,,15,18,Man,Rechts,
,dotnumber,4,5,main,lowSC,easy,,552,['n'],1,right,['8'],4,241,,50,73,,,,,,,,15,18,Man,Rechts,
,dotnumber,5,5,main,lowSC,average,,485,['c'],1,left,['8'],4,303,,50,38,,,,,,,,15,18,Man,Rechts,
,dotnumber,6,5,main,lowSC,average,,552,['n'],1,right,['8'],4,216,,35,50,,,,,,,,15,18,Man,Rechts,
,dotnumber,7,5,main,lowSC,easy,,568,['c'],1,left,['0'],6,196,,50,29,,,,,,,,15,18,Man,Rechts,
,dotnumber,8,5,main,lowSC,easy,,585,['c'],1,left,['8'],4,224,,50,26,,,,,,,,15,18,Man,Rechts,
,dotnumber,9,5,main,lowSC,average,,535,['c'],1,left,['8'],4,222,,50,36,,,,,,,,15,18,Man,Rechts,
,dotnumber,10,5,main,lowSC,easy,,518,['c'],1,left,['8'],4,283,,50,25,,,,,,,,15,18,Man,Rechts,
,dotnumber,11,5,main,lowSC,easy,,501,['n'],1,right,['0'],6,216,,50,75,,,,,,,,15,18,Man,Rechts,
,dotnumber,12,5,main,lowSC,hard,,584,['c'],1,left,['8'],4,899,,50,49,,,,,,,,15,18,Man,Rechts,
,dotnumber,13,5,main,lowSC,average,,852,['c'],1,left,['3'],3,231,,50,38,,,,,,,,15,18,Man,Rechts,
,dotnumber,14,5,main,lowSC,easy,,468,['c'],1,left,['8'],4,247,,50,26,,,,,,,,15,18,Man,Rechts,
,dotnumber,15,5,main,lowSC,easy,,685,['n'],0,left,['3'],3,253,,74,50,,,,,,,,15,18,Man,Rechts,
,dotnumber,16,5,main,lowSC,average,,519,['n'],1,right,['9'],5,202,,37,50,,,,,,,,15,18,Man,Rechts,
,dotnumber,17,5,main,lowSC,average,,534,['c'],1,left,['8'],4,231,,50,37,,,,,,,,15,18,Man,Rechts,
,dotnumber,18,5,main,lowSC,hard,,651,['n'],0,left,['3'],3,335,,54,50,,,,,,,,15,18,Man,Rechts,
,dotnumber,19,5,main,lowSC,easy,,568,['n'],1,right,['8'],4,214,,25,50,,,,,,,,15,18,Man,Rechts,
,dotnumber,20,5,main,lowSC,average,,719,['n'],0,left,['3'],3,237,,61,50,,,,,,,,15,18,Man,Rechts,
,dotnumber,21,5,main,lowSC,easy,,469,['n'],1,right,['8'],4,316,,50,72,,,,,,,,15,18,Man,Rechts,
,dotnumber,22,5,main,lowSC,hard,,618,['n'],0,left,['3'],3,257,,54,50,,,,,,,,15,18,Man,Rechts,
,dotnumber,23,5,main,lowSC,average,,801,['n'],1,right,['3'],3,210,,50,61,,,,,,,,15,18,Man,Rechts,
,dotnumber,24,5,main,lowSC,hard,,952,['n'],1,right,['8'],4,271,,49,50,,,,,,,,15,18,Man,Rechts,
,dotnumber,25,5,main,lowSC,hard,,685,['n'],0,left,['3'],3,308,,52,50,,,,,,,,15,18,Man,Rechts,
,dotnumber,26,5,main,lowSC,easy,,451,['n'],1,right,['8'],4,257,,50,72,,,,,,,,15,18,Man,Rechts,
,dotnumber,27,5,main,lowSC,hard,,450,['n'],1,right,['8'],4,257,,50,55,,,,,,,,15,18,Man,Rechts,
,dotnumber,28,5,main,lowSC,hard,,484,['n'],1,right,['8'],4,207,,50,53,,,,,,,,15,18,Man,Rechts,
,dotnumber,29,5,main,lowSC,hard,,634,['c'],0,right,['8'],4,216,,47,50,,,,,,,,15,18,Man,Rechts,
,dotnumber,30,5,main,lowSC,hard,,452,['n'],1,right,['8'],4,297,,50,53,,,,,,,,15,18,Man,Rechts,
,dotnumber,31,5,main,lowSC,hard,,669,['n'],1,right,['8'],4,494,,50,53,,,,,,,,15,18,Man,Rechts,
,dotnumber,32,5,main,lowSC,average,,685,['c'],0,right,['8'],4,266,,38,50,,,,,,,,15,18,Man,Rechts,
,dotnumber,33,5,main,lowSC,hard,,468,['n'],0,left,['8'],4,248,,50,47,,,,,,,,15,18,Man,Rechts,
,dotnumber,34,5,main,lowSC,average,,518,['n'],1,right,['8'],4,245,,35,50,,,,,,,,15,18,Man,Rechts,
,dotnumber,35,5,main,lowSC,average,,652,['n'],1,right,['8'],4,220,,50,63,,,,,,,,15,18,Man,Rechts,
,dotnumber,36,5,main,lowSC,easy,,450,['n'],1,right,['8'],4,301,,50,74,,,,,,,,15,18,Man,Rechts,
,dotnumber,37,5,main,lowSC,easy,,619,['c'],1,left,['8'],4,323,,72,50,,,,,,,,15,18,Man,Rechts,
,dotnumber,38,5,main,lowSC,easy,,451,['c'],1,left,['8'],4,320,,74,50,,,,,,,,15,18,Man,Rechts,
,dotnumber,39,5,main,lowSC,easy,,517,['n'],1,right,['8'],4,202,,28,50,,,,,,,,15,18,Man,Rechts,
,dotnumber,40,5,main,lowSC,average,,533,['c'],1,left,['8'],4,247,,50,38,,,,,,,,15,18,Man,Rechts,
,dotnumber,41,5,main,lowSC,hard,,718,['c'],0,right,['8'],4,268,,48,50,,,,,,,,15,18,Man,Rechts,
,dotnumber,42,5,main,lowSC,hard,,585,['n'],0,left,['8'],4,229,,50,49,,,,,,,,15,18,Man,Rechts,
,dotnumber,43,5,main,lowSC,hard,,452,['n'],1,right,['8'],4,326,,50,53,,,,,,,,15,18,Man,Rechts,
,dotnumber,44,5,main,lowSC,hard,,535,['c'],1,left,['8'],4,288,,53,50,,,,,,,,15,18,Man,Rechts,
,dotnumber,45,5,main,lowSC,easy,,585,['c'],1,left,['8'],4,152,,74,50,,,,,,,,15,18,Man,Rechts,
,dotnumber,46,5,main,lowSC,average,,452,['n'],0,left,['8'],4,219,,62,50,,,,,,,,15,18,Man,Rechts,
,dotnumber,47,5,main,lowSC,average,,501,['n'],1,right,['8'],4,218,,37,50,,,,,,,,15,18,Man,Rechts,
,dotnumber,48,5,main,lowSC,hard,,485,['c'],1,left,['8'],4,265,,50,47,,,,,,,,15,18,Man,Rechts,
,dotnumber,49,5,main,lowSC,hard,,4405,['n'],0,left,['3'],3,229,,54,50,,,,,,,,15,18,Man,Rechts,
,dotnumber,50,5,main,lowSC,average,,502,['c'],1,left,['8'],4,356,,50,36,,,,,,,,15,18,Man,Rechts,
,dotnumber,51,5,main,lowSC,easy,,618,['c'],1,left,['8'],4,248,,50,28,,,,,,,,15,18,Man,Rechts,
,dotnumber,52,5,main,lowSC,average,,385,['c'],1,left,['8'],4,202,,64,50,,,,,,,,15,18,Man,Rechts,
,dotnumber,53,5,main,lowSC,easy,,334,['c'],1,left,['8'],4,240,,73,50,,,,,,,,15,18,Man,Rechts,
,dotnumber,54,5,main,lowSC,hard,,852,['c'],1,left,['8'],4,416,,51,50,,,,,,,,15,18,Man,Rechts,
,dotnumber,55,5,main,lowSC,average,,635,['c'],1,left,['8'],4,289,,65,50,,,,,,,,15,18,Man,Rechts,
,dotnumber,56,5,main,lowSC,easy,,435,['n'],1,right,['8'],4,239,,28,50,,,,,,,,15,18,Man,Rechts,
,dotnumber,57,5,main,lowSC,average,,501,['n'],1,right,['8'],4,253,,50,65,,,,,,,,15,18,Man,Rechts,
,dotnumber,58,5,main,lowSC,hard,,769,['c'],1,left,['8'],4,304,,50,47,,,,,,,,15,18,Man,Rechts,
,dotnumber,59,5,main,lowSC,easy,,384,['c'],1,left,['8'],4,272,,50,29,,,,,,,,15,18,Man,Rechts,
,dotnumber,60,5,main,lowSC,easy,,401,['n'],1,right,['8'],4,272,,27,50,,,,,,,,15,18,Man,Rechts,
,dotnumber,61,5,main,lowSC,hard,,452,['n'],1,right,['8'],4,287,,48,50,,,,,,,,15,18,Man,Rechts,
,dotnumber,62,5,main,lowSC,average,,751,['n'],1,right,['8'],4,160,,36,50,,,,,,,,15,18,Man,Rechts,
,dotnumber,63,5,main,lowSC,hard,,535,['c'],0,right,['8'],4,336,,50,51,,,,,,,,15,18,Man,Rechts,
,dotnumber,64,5,main,lowSC,average,,719,['n'],1,right,['8'],4,193,,50,61,,,,,,,,15,18,Man,Rechts,
,dotnumber,65,5,main,lowSC,average,,501,['n'],1,right,['8'],4,241,,50,65,,,,,,,,15,18,Man,Rechts,
,dotnumber,66,5,main,lowSC,hard,,752,['c'],1,left,['8'],4,501,,50,48,,,,,,,,15,18,Man,Rechts,
,dotnumber,67,5,main,lowSC,average,,735,['n'],0,left,['3'],3,302,,61,50,,,,,,,,15,18,Man,Rechts,
,dotnumber,68,5,main,lowSC,easy,,785,['c'],0,right,['8'],4,254,,50,73,,,,,,,,15,18,Man,Rechts,
,dotnumber,69,5,main,lowSC,easy,,435,['n'],1,right,['0'],6,206,,26,50,,,,,,,,15,18,Man,Rechts,
,dotnumber,70,5,main,lowSC,easy,,434,['n'],1,right,['9'],5,224,,28,50,,,,,,,,15,18,Man,Rechts,
,dotnumber,71,5,main,lowSC,hard,,684,['n'],1,right,['8'],4,135,,49,50,,,,,,,,15,18,Man,Rechts,
,dotnumber,0,6,main,lowSC,hard,,1552,['n'],1,right,['8'],4,312,,45,50,,,,,,,,15,18,Man,Rechts,
,dotnumber,1,6,main,lowSC,average,,401,['c'],1,left,['8'],4,311,,65,50,,,,,,,,15,18,Man,Rechts,
,dotnumber,2,6,main,lowSC,easy,,418,['n'],1,right,['8'],4,230,,27,50,,,,,,,,15,18,Man,Rechts,
,dotnumber,3,6,main,lowSC,easy,,384,['c'],1,left,['9'],5,217,,71,50,,,,,,,,15,18,Man,Rechts,
,dotnumber,4,6,main,lowSC,average,,351,['n'],1,right,['9'],5,222,,50,64,,,,,,,,15,18,Man,Rechts,
,dotnumber,5,6,main,lowSC,average,,351,['n'],1,right,['9'],5,211,,50,62,,,,,,,,15,18,Man,Rechts,
,dotnumber,6,6,main,lowSC,hard,,435,['c'],0,right,['8'],4,149,,49,50,,,,,,,,15,18,Man,Rechts,
,dotnumber,7,6,main,lowSC,hard,,568,['n'],1,right,['8'],4,227,,49,50,,,,,,,,15,18,Man,Rechts,
,dotnumber,8,6,main,lowSC,average,,401,['c'],1,left,['9'],5,214,,50,36,,,,,,,,15,18,Man,Rechts,
,dotnumber,9,6,main,lowSC,hard,,452,['n'],0,left,['9'],5,183,,52,50,,,,,,,,15,18,Man,Rechts,
,dotnumber,10,6,main,lowSC,average,,635,['c'],1,left,['9'],5,210,,61,50,,,,,,,,15,18,Man,Rechts,
,dotnumber,11,6,main,lowSC,average,,735,['c'],1,left,['8'],4,151,,50,35,,,,,,,,15,18,Man,Rechts,
,dotnumber,12,6,main,lowSC,easy,,435,['n'],0,left,['3'],3,251,,74,50,,,,,,,,15,18,Man,Rechts,
,dotnumber,13,6,main,lowSC,hard,,668,['n'],0,left,['8'],4,194,,50,49,,,,,,,,15,18,Man,Rechts,
,dotnumber,14,6,main,lowSC,hard,,1369,['n'],0,left,['8'],4,190,,54,50,,,,,,,,15,18,Man,Rechts,
,dotnumber,15,6,main,lowSC,average,,2036,['c'],0,right,['8'],4,271,,50,61,,,,,,,,15,18,Man,Rechts,
,dotnumber,16,6,main,lowSC,easy,,452,['n'],1,right,['8'],4,206,,27,50,,,,,,,,15,18,Man,Rechts,
,dotnumber,17,6,main,lowSC,easy,,685,['n'],1,right,['8'],4,182,,50,71,,,,,,,,15,18,Man,Rechts,
,dotnumber,18,6,main,lowSC,easy,,518,['c'],1,left,['8'],4,181,,50,27,,,,,,,,15,18,Man,Rechts,
,dotnumber,19,6,main,lowSC,easy,,369,['n'],1,right,['8'],4,219,,26,50,,,,,,,,15,18,Man,Rechts,
,dotnumber,20,6,main,lowSC,easy,,485,['c'],1,left,['8'],4,186,,50,28,,,,,,,,15,18,Man,Rechts,
,dotnumber,21,6,main,lowSC,easy,,384,['c'],1,left,['8'],4,207,,50,25,,,,,,,,15,18,Man,Rechts,
,dotnumber,22,6,main,lowSC,easy,,318,['n'],1,right,['8'],4,182,,50,71,,,,,,,,15,18,Man,Rechts,
,dotnumber,23,6,main,lowSC,average,,652,['n'],0,left,['8'],4,111,,50,39,,,,,,,,15,18,Man,Rechts,
,dotnumber,24,6,main,lowSC,average,,501,['n'],1,right,['8'],4,243,,50,65,,,,,,,,15,18,Man,Rechts,
,dotnumber,25,6,main,lowSC,hard,,417,['n'],0,left,['3'],3,84,,50,48,,,,,,,,15,18,Man,Rechts,
,dotnumber,26,6,main,lowSC,easy,,485,['n'],1,right,['8'],4,185,,50,74,,,,,,,,15,18,Man,Rechts,
,dotnumber,27,6,main,lowSC,easy,,668,['c'],1,left,['8'],4,242,,50,28,,,,,,,,15,18,Man,Rechts,
,dotnumber,28,6,main,lowSC,easy,,719,['n'],1,right,['8'],4,231,,50,71,,,,,,,,15,18,Man,Rechts,
,dotnumber,29,6,main,lowSC,hard,,552,['n'],1,right,['8'],4,275,,50,53,,,,,,,,15,18,Man,Rechts,
,dotnumber,30,6,main,lowSC,average,,451,['c'],1,left,['8'],4,162,,50,38,,,,,,,,15,18,Man,Rechts,
,dotnumber,31,6,main,lowSC,average,,435,['c'],1,left,['8'],4,198,,50,39,,,,,,,,15,18,Man,Rechts,
,dotnumber,32,6,main,lowSC,easy,,435,['n'],1,right,['9'],5,184,,26,50,,,,,,,,15,18,Man,Rechts,
,dotnumber,33,6,main,lowSC,hard,,468,['c'],1,left,['8'],4,249,,53,50,,,,,,,,15,18,Man,Rechts,
,dotnumber,34,6,main,lowSC,average,,684,['n'],0,left,['8'],4,223,,50,39,,,,,,,,15,18,Man,Rechts,
,dotnumber,35,6,main,lowSC,average,,435,['c'],1,left,['9'],5,240,,62,50,,,,,,,,15,18,Man,Rechts,
,dotnumber,36,6,main,lowSC,hard,,585,['n'],0,left,['8'],4,203,,50,46,,,,,,,,15,18,Man,Rechts,
,dotnumber,37,6,main,lowSC,hard,,652,['n'],0,left,['8'],4,180,,55,50,,,,,,,,15,18,Man,Rechts,
,dotnumber,38,6,main,lowSC,hard,,501,['n'],1,right,['8'],4,180,,50,52,,,,,,,,15,18,Man,Rechts,
,dotnumber,39,6,main,lowSC,average,,568,['c'],0,right,['8'],4,178,,39,50,,,,,,,,15,18,Man,Rechts,
,dotnumber,40,6,main,lowSC,hard,,501,['n'],1,right,['8'],4,195,,45,50,,,,,,,,15,18,Man,Rechts,
,dotnumber,41,6,main,lowSC,average,,518,['c'],1,left,['8'],4,274,,64,50,,,,,,,,15,18,Man,Rechts,
,dotnumber,42,6,main,lowSC,hard,,585,['n'],1,right,['8'],4,235,,49,50,,,,,,,,15,18,Man,Rechts,
,dotnumber,43,6,main,lowSC,average,,568,['n'],1,right,['8'],4,230,,37,50,,,,,,,,15,18,Man,Rechts,
,dotnumber,44,6,main,lowSC,hard,,701,['c'],1,left,['8'],4,253,,53,50,,,,,,,,15,18,Man,Rechts,
,dotnumber,45,6,main,lowSC,easy,,468,['n'],1,right,['8'],4,235,,29,50,,,,,,,,15,18,Man,Rechts,
,dotnumber,46,6,main,lowSC,hard,,585,['c'],0,right,['8'],4,182,,50,55,,,,,,,,15,18,Man,Rechts,
,dotnumber,47,6,main,lowSC,average,,636,['n'],1,right,['8'],4,224,,39,50,,,,,,,,15,18,Man,Rechts,
,dotnumber,48,6,main,lowSC,hard,,435,['c'],1,left,['8'],4,274,,50,49,,,,,,,,15,18,Man,Rechts,
,dotnumber,49,6,main,lowSC,easy,,584,['c'],1,left,['8'],4,267,,74,50,,,,,,,,15,18,Man,Rechts,
,dotnumber,50,6,main,lowSC,hard,,434,['n'],0,left,['8'],4,298,,50,47,,,,,,,,15,18,Man,Rechts,
,dotnumber,51,6,main,lowSC,hard,,518,['n'],1,right,['8'],4,260,,50,51,,,,,,,,15,18,Man,Rechts,
,dotnumber,52,6,main,lowSC,hard,,1386,['c'],0,right,['8'],4,253,,50,53,,,,,,,,15,18,Man,Rechts,
,dotnumber,53,6,main,lowSC,hard,,601,['c'],1,left,['8'],4,246,,53,50,,,,,,,,15,18,Man,Rechts,
,dotnumber,54,6,main,lowSC,easy,,584,['c'],1,left,['8'],4,273,,74,50,,,,,,,,15,18,Man,Rechts,
,dotnumber,55,6,main,lowSC,hard,,485,['n'],1,right,['8'],4,286,,50,52,,,,,,,,15,18,Man,Rechts,
,dotnumber,56,6,main,lowSC,hard,,385,['n'],0,left,['3'],3,319,,50,46,,,,,,,,15,18,Man,Rechts,
,dotnumber,57,6,main,lowSC,average,,401,['n'],1,right,['8'],4,221,,50,65,,,,,,,,15,18,Man,Rechts,
,dotnumber,58,6,main,lowSC,hard,,702,['n'],1,right,['3'],3,228,,48,50,,,,,,,,15,18,Man,Rechts,
,dotnumber,59,6,main,lowSC,average,,885,['n'],1,right,['3'],3,195,,38,50,,,,,,,,15,18,Man,Rechts,
,dotnumber,60,6,main,lowSC,easy,,501,['c'],1,left,['9'],5,82,,72,50,,,,,,,,15,18,Man,Rechts,
,dotnumber,61,6,main,lowSC,easy,,417,['c'],1,left,['0'],6,186,,50,28,,,,,,,,15,18,Man,Rechts,
,dotnumber,62,6,main,lowSC,easy,,351,['n'],1,right,['9'],5,384,,27,50,,,,,,,,15,18,Man,Rechts,
,dotnumber,63,6,main,lowSC,average,,568,['n'],1,right,['8'],4,197,,50,62,,,,,,,,15,18,Man,Rechts,
,dotnumber,64,6,main,lowSC,average,,418,['n'],1,right,['8'],4,376,,38,50,,,,,,,,15,18,Man,Rechts,
,dotnumber,65,6,main,lowSC,average,,1053,['c'],0,right,['8'],4,170,,38,50,,,,,,,,15,18,Man,Rechts,
,dotnumber,66,6,main,lowSC,easy,,534,['c'],1,left,['9'],5,121,,75,50,,,,,,,,15,18,Man,Rechts,
,dotnumber,67,6,main,lowSC,easy,,368,['c'],1,left,['9'],5,130,,50,29,,,,,,,,15,18,Man,Rechts,
,dotnumber,68,6,main,lowSC,easy,,435,['n'],1,right,['9'],5,183,,50,71,,,,,,,,15,18,Man,Rechts,
,dotnumber,69,6,main,lowSC,easy,,634,['n'],1,right,['8'],4,386,,50,71,,,,,,,,15,18,Man,Rechts,
,dotnumber,70,6,main,lowSC,average,,569,['c'],1,left,['8'],4,262,,62,50,,,,,,,,15,18,Man,Rechts,
,dotnumber,71,6,main,lowSC,average,,484,['n'],0,left,['9'],5,244,,62,50,,,,,,,,15,18,Man,Rechts,
,dotnumber,0,7,main,lowSC,easy,,752,['n'],0,left,['3'],3,1092,,74,50,,,,,,,,15,18,Man,Rechts,
,dotnumber,1,7,main,lowSC,easy,,417,['n'],1,right,['8'],4,194,,50,75,,,,,,,,15,18,Man,Rechts,
,dotnumber,2,7,main,lowSC,average,,551,['c'],0,right,['8'],4,176,,50,61,,,,,,,,15,18,Man,Rechts,
,dotnumber,3,7,main,lowSC,average,,435,['c'],1,left,['8'],4,228,,50,36,,,,,,,,15,18,Man,Rechts,
,dotnumber,4,7,main,lowSC,hard,,585,['c'],0,right,['8'],4,287,,45,50,,,,,,,,15,18,Man,Rechts,
,dotnumber,5,7,main,lowSC,easy,,451,['n'],0,left,['8'],4,221,,73,50,,,,,,,,15,18,Man,Rechts,
,dotnumber,6,7,main,lowSC,easy,,418,['n'],1,right,['8'],4,255,,50,71,,,,,,,,15,18,Man,Rechts,
,dotnumber,7,7,main,lowSC,hard,,601,['n'],1,right,['8'],4,248,,49,50,,,,,,,,15,18,Man,Rechts,
,dotnumber,8,7,main,lowSC,hard,,618,['c'],1,left,['8'],4,65,,54,50,,,,,,,,15,18,Man,Rechts,
,dotnumber,9,7,main,lowSC,easy,,468,['n'],1,right,['8'],4,55,,29,50,,,,,,,,15,18,Man,Rechts,
,dotnumber,10,7,main,lowSC,hard,,669,['c'],0,right,['8'],4,230,,47,50,,,,,,,,15,18,Man,Rechts,
,dotnumber,11,7,main,lowSC,easy,,402,['n'],1,right,['8'],4,424,,27,50,,,,,,,,15,18,Man,Rechts,
,dotnumber,12,7,main,lowSC,average,,552,['n'],1,right,['8'],4,204,,35,50,,,,,,,,15,18,Man,Rechts,
,dotnumber,13,7,main,lowSC,average,,451,['c'],1,left,['8'],4,366,,50,39,,,,,,,,15,18,Man,Rechts,
,dotnumber,14,7,main,lowSC,easy,,718,['c'],1,left,['8'],4,221,,75,50,,,,,,,,15,18,Man,Rechts,
,dotnumber,15,7,main,lowSC,average,,818,['c'],1,left,['8'],4,511,,62,50,,,,,,,,15,18,Man,Rechts,
,dotnumber,16,7,main,lowSC,average,,451,['n'],1,right,['8'],4,292,,38,50,,,,,,,,15,18,Man,Rechts,
,dotnumber,17,7,main,lowSC,easy,,451,['c'],1,left,['8'],4,226,,50,28,,,,,,,,15,18,Man,Rechts,
,dotnumber,18,7,main,lowSC,hard,,501,['c'],1,left,['8'],4,336,,53,50,,,,,,,,15,18,Man,Rechts,
,dotnumber,19,7,main,lowSC,easy,,435,['n'],1,right,['8'],4,301,,27,50,,,,,,,,15,18,Man,Rechts,
,dotnumber,20,7,main,lowSC,average,,418,['c'],1,left,['8'],4,267,,50,37,,,,,,,,15,18,Man,Rechts,
,dotnumber,21,7,main,lowSC,hard,,635,['c'],1,left,['8'],4,243,,50,48,,,,,,,,15,18,Man,Rechts,
,dotnumber,22,7,main,lowSC,hard,,568,['n'],1,right,['8'],4,238,,47,50,,,,,,,,15,18,Man,Rechts,
,dotnumber,23,7,main,lowSC,hard,,451,['c'],1,left,['8'],4,446,,50,48,,,,,,,,15,18,Man,Rechts,
,dotnumber,24,7,main,lowSC,easy,,402,['c'],1,left,['8'],4,311,,50,29,,,,,,,,15,18,Man,Rechts,
,dotnumber,25,7,main,lowSC,average,,669,['n'],1,right,['8'],4,332,,35,50,,,,,,,,15,18,Man,Rechts,
,dotnumber,26,7,main,lowSC,hard,,1136,['c'],1,left,['8'],4,124,,53,50,,,,,,,,15,18,Man,Rechts,
,dotnumber,27,7,main,lowSC,hard,,1002,['n'],1,right,['3'],3,282,,48,50,,,,,,,,15,18,Man,Rechts,
,dotnumber,28,7,main,lowSC,easy,,486,['c'],1,left,['8'],4,262,,73,50,,,,,,,,15,18,Man,Rechts,
,dotnumber,29,7,main,lowSC,easy,,451,['n'],1,right,['9'],5,181,,50,74,,,,,,,,15,18,Man,Rechts,
,dotnumber,30,7,main,lowSC,average,,535,['n'],1,right,['8'],4,228,,50,65,,,,,,,,15,18,Man,Rechts,
,dotnumber,31,7,main,lowSC,average,,418,['c'],1,left,['8'],4,166,,63,50,,,,,,,,15,18,Man,Rechts,
,dotnumber,32,7,main,lowSC,hard,,969,['n'],1,right,['9'],5,179,,50,55,,,,,,,,15,18,Man,Rechts,
,dotnumber,33,7,main,lowSC,average,,402,['n'],1,right,['8'],4,328,,50,62,,,,,,,,15,18,Man,Rechts,
,dotnumber,34,7,main,lowSC,average,,501,['c'],1,left,['8'],4,99,,50,37,,,,,,,,15,18,Man,Rechts,
,dotnumber,35,7,main,lowSC,easy,,384,['n'],1,right,['9'],5,171,,28,50,,,,,,,,15,18,Man,Rechts,
,dotnumber,36,7,main,lowSC,average,,402,['c'],1,left,['8'],4,351,,62,50,,,,,,,,15,18,Man,Rechts,
,dotnumber,37,7,main,lowSC,easy,,435,['c'],1,left,['8'],4,395,,50,29,,,,,,,,15,18,Man,Rechts,
,dotnumber,38,7,main,lowSC,average,,535,['n'],1,right,['8'],4,370,,50,62,,,,,,,,15,18,Man,Rechts,
,dotnumber,39,7,main,lowSC,hard,,1186,['c'],1,left,['8'],4,174,,53,50,,,,,,,,15,18,Man,Rechts,
,dotnumber,40,7,main,lowSC,hard,,736,['n'],0,left,['3'],3,229,,50,48,,,,,,,,15,18,Man,Rechts,
,dotnumber,41,7,main,lowSC,easy,,436,['c'],1,left,['9'],5,198,,72,50,,,,,,,,15,18,Man,Rechts,
,dotnumber,42,7,main,lowSC,easy,,452,['n'],1,right,['8'],4,568,,27,50,,,,,,,,15,18,Man,Rechts,
,dotnumber,43,7,main,lowSC,hard,,1503,['n'],0,left,['3'],3,271,,50,45,,,,,,,,15,18,Man,Rechts,
,dotnumber,44,7,main,lowSC,hard,,434,['n'],1,right,['8'],4,238,,50,51,,,,,,,,15,18,Man,Rechts,
,dotnumber,45,7,main,lowSC,easy,,502,['c'],1,left,['9'],5,204,,50,28,,,,,,,,15,18,Man,Rechts,
,dotnumber,46,7,main,lowSC,average,,784,['c'],0,right,['3'],3,288,,39,50,,,,,,,,15,18,Man,Rechts,
,dotnumber,47,7,main,lowSC,average,,468,['n'],1,right,['8'],4,221,,39,50,,,,,,,,15,18,Man,Rechts,
,dotnumber,48,7,main,lowSC,average,,402,['c'],1,left,['8'],4,272,,50,36,,,,,,,,15,18,Man,Rechts,
,dotnumber,49,7,main,lowSC,easy,,535,['n'],1,right,['8'],4,219,,50,71,,,,,,,,15,18,Man,Rechts,
,dotnumber,50,7,main,lowSC,hard,,717,['c'],1,left,['8'],4,256,,55,50,,,,,,,,15,18,Man,Rechts,
,dotnumber,51,7,main,lowSC,easy,,435,['c'],1,left,['8'],4,256,,74,50,,,,,,,,15,18,Man,Rechts,
,dotnumber,52,7,main,lowSC,average,,669,['n'],0,left,['3'],3,247,,65,50,,,,,,,,15,18,Man,Rechts,
,dotnumber,53,7,main,lowSC,easy,,685,['n'],1,right,['8'],4,77,,26,50,,,,,,,,15,18,Man,Rechts,
,dotnumber,54,7,main,lowSC,easy,,1103,['c'],1,left,['9'],5,105,,50,29,,,,,,,,15,18,Man,Rechts,
,dotnumber,55,7,main,lowSC,easy,,635,['n'],1,right,['9'],5,215,,50,75,,,,,,,,15,18,Man,Rechts,
,dotnumber,56,7,main,lowSC,hard,,652,['n'],1,right,['8'],4,399,,50,52,,,,,,,,15,18,Man,Rechts,
,dotnumber,57,7,main,lowSC,hard,,852,['c'],0,right,['8'],4,328,,50,53,,,,,,,,15,18,Man,Rechts,
,dotnumber,58,7,main,lowSC,average,,1336,['n'],1,right,['8'],4,449,,37,50,,,,,,,,15,18,Man,Rechts,
,dotnumber,59,7,main,lowSC,hard,,1486,['c'],1,left,['8'],4,141,,54,50,,,,,,,,15,18,Man,Rechts,
,dotnumber,60,7,main,lowSC,average,,468,['n'],1,right,['8'],4,193,,50,64,,,,,,,,15,18,Man,Rechts,
,dotnumber,61,7,main,lowSC,easy,,769,['c'],1,left,['8'],4,214,,50,28,,,,,,,,15,18,Man,Rechts,
,dotnumber,62,7,main,lowSC,hard,,752,['c'],1,left,['8'],4,267,,50,45,,,,,,,,15,18,Man,Rechts,
,dotnumber,63,7,main,lowSC,hard,,418,['n'],0,left,['8'],4,251,,50,46,,,,,,,,15,18,Man,Rechts,
,dotnumber,64,7,main,lowSC,average,,501,['n'],1,right,['8'],4,184,,50,64,,,,,,,,15,18,Man,Rechts,
,dotnumber,65,7,main,lowSC,average,,1368,['c'],1,left,['8'],4,196,,65,50,,,,,,,,15,18,Man,Rechts,
,dotnumber,66,7,main,lowSC,easy,,601,['n'],1,right,['8'],4,241,,50,73,,,,,,,,15,18,Man,Rechts,
,dotnumber,67,7,main,lowSC,hard,,535,['n'],1,right,['8'],4,221,,50,54,,,,,,,,15,18,Man,Rechts,
,dotnumber,68,7,main,lowSC,hard,,702,['c'],0,right,['3'],3,195,,50,52,,,,,,,,15,18,Man,Rechts,
,dotnumber,69,7,main,lowSC,hard,,485,['n'],1,right,['8'],4,260,,47,50,,,,,,,,15,18,Man,Rechts,
,dotnumber,70,7,main,lowSC,average,,418,['c'],1,left,['9'],5,244,,50,35,,,,,,,,15,18,Man,Rechts,
,dotnumber,71,7,main,lowSC,average,,2085,['c'],1,left,['9'],5,241,,63,50,,,,,,,,15,18,Man,Rechts,
,,,,,,,,,,,,,,,,,,"Fijn, maar vermoeiend voor mijn brein
","Dot number taak, Dot colour taak, XO taak",Bij de XO taak had ik hoge scores ten opzichte van het gemiddelde. Bij de andere taken waren mijn scores veel lager.,"Ja, toen ik een goede feedback kreeg bij de XO taak, kreeg ik een leuker gevoel bij de taak en voelde het aan alsof deze taak veel sneller ging.","In het begin wel, maar nu ik erover nadenk niet.","Ik ben wel ergens opgelucht. Want ik haalde zogezegd zeer slecht op twee van de drie taken, terwijl ik het gevoel had dat ik het toch nog redelijk goed deed. Ik heb het nu pas door. Tijdens het experiment had ik het totaal niet door.",1607605500,,,,,
