starttime,task,withinblocktrial,block,running,selfconf,difflevel,dotsLeft,dotsRight,rt,resp,cor,cresp,conf_press,cj,RTconf,n_xes,n_reddots,post1,post2,post3,post4,post5,post6,stoptime,sub,age,gender,handedness,
1612783762,dotnumber,0,0,training,highSC,average,65,50,418,['c'],1,left,none,-99,-99,,,,,,,,,,29,18,Vrouw,Rechts,
,dotnumber,1,0,training,highSC,average,50,62,352,['n'],1,right,none,-99,-99,,,,,,,,,,29,18,Vrouw,Rechts,
,dotnumber,2,0,training,highSC,easy,28,50,385,['c'],0,right,none,-99,-99,,,,,,,,,,29,18,Vrouw,Rechts,
,dotnumber,3,0,training,highSC,hard,48,50,418,['c'],0,right,none,-99,-99,,,,,,,,,,29,18,Vrouw,Rechts,
,dotnumber,4,0,training,highSC,hard,50,46,551,['n'],0,left,none,-99,-99,,,,,,,,,,29,18,Vrouw,Rechts,
,dotnumber,5,0,training,highSC,hard,47,50,451,['c'],0,right,none,-99,-99,,,,,,,,,,29,18,Vrouw,Rechts,
,dotnumber,6,0,training,highSC,easy,73,50,568,['n'],0,left,none,-99,-99,,,,,,,,,,29,18,Vrouw,Rechts,
,dotnumber,7,0,training,highSC,easy,50,74,517,['n'],1,right,none,-99,-99,,,,,,,,,,29,18,Vrouw,Rechts,
,dotnumber,8,0,training,highSC,average,50,64,434,['n'],1,right,none,-99,-99,,,,,,,,,,29,18,Vrouw,Rechts,
,dotnumber,9,0,training,highSC,hard,50,55,369,['c'],0,right,none,-99,-99,,,,,,,,,,29,18,Vrouw,Rechts,
,dotnumber,10,0,training,highSC,hard,50,45,368,['n'],0,left,none,-99,-99,,,,,,,,,,29,18,Vrouw,Rechts,
,dotnumber,11,0,training,highSC,easy,50,74,368,['n'],1,right,none,-99,-99,,,,,,,,,,29,18,Vrouw,Rechts,
,dotnumber,12,0,training,highSC,easy,50,74,936,['n'],1,right,none,-99,-99,,,,,,,,,,29,18,Vrouw,Rechts,
,dotnumber,13,0,training,highSC,easy,28,50,652,['n'],1,right,none,-99,-99,,,,,,,,,,29,18,Vrouw,Rechts,
,dotnumber,14,0,training,highSC,easy,50,75,518,['n'],1,right,none,-99,-99,,,,,,,,,,29,18,Vrouw,Rechts,
,dotnumber,15,0,training,highSC,hard,53,50,535,['c'],1,left,none,-99,-99,,,,,,,,,,29,18,Vrouw,Rechts,
,dotnumber,16,0,training,highSC,hard,51,50,569,['n'],0,left,none,-99,-99,,,,,,,,,,29,18,Vrouw,Rechts,
,dotnumber,17,0,training,highSC,hard,51,50,552,['n'],0,left,none,-99,-99,,,,,,,,,,29,18,Vrouw,Rechts,
,dotnumber,18,0,training,highSC,easy,75,50,484,['c'],1,left,none,-99,-99,,,,,,,,,,29,18,Vrouw,Rechts,
,dotnumber,19,0,training,highSC,easy,26,50,385,['n'],1,right,none,-99,-99,,,,,,,,,,29,18,Vrouw,Rechts,
,dotnumber,20,0,training,highSC,average,35,50,401,['n'],1,right,none,-99,-99,,,,,,,,,,29,18,Vrouw,Rechts,
,dotnumber,21,0,training,highSC,hard,55,50,752,['n'],0,left,none,-99,-99,,,,,,,,,,29,18,Vrouw,Rechts,
,dotnumber,22,0,training,highSC,hard,50,49,368,['c'],1,left,none,-99,-99,,,,,,,,,,29,18,Vrouw,Rechts,
,dotnumber,23,0,training,highSC,average,39,50,535,['n'],1,right,none,-99,-99,,,,,,,,,,29,18,Vrouw,Rechts,
,dotnumber,0,1,training,highSC,average,50,36,435,['c'],1,left,none,-99,-99,,,,,,,,,,29,18,Vrouw,Rechts,
,dotnumber,1,1,training,highSC,easy,71,50,268,['n'],0,left,none,-99,-99,,,,,,,,,,29,18,Vrouw,Rechts,
,dotnumber,2,1,training,highSC,easy,50,27,251,['c'],1,left,none,-99,-99,,,,,,,,,,29,18,Vrouw,Rechts,
,dotnumber,3,1,training,highSC,average,62,50,302,['n'],0,left,none,-99,-99,,,,,,,,,,29,18,Vrouw,Rechts,
,dotnumber,4,1,training,highSC,average,50,62,418,['n'],1,right,none,-99,-99,,,,,,,,,,29,18,Vrouw,Rechts,
,dotnumber,5,1,training,highSC,average,50,38,334,['c'],1,left,none,-99,-99,,,,,,,,,,29,18,Vrouw,Rechts,
,dotnumber,6,1,training,highSC,hard,50,46,268,['n'],0,left,none,-99,-99,,,,,,,,,,29,18,Vrouw,Rechts,
,dotnumber,7,1,training,highSC,average,39,50,368,['n'],1,right,none,-99,-99,,,,,,,,,,29,18,Vrouw,Rechts,
,dotnumber,8,1,training,highSC,hard,50,49,301,['n'],0,left,none,-99,-99,,,,,,,,,,29,18,Vrouw,Rechts,
,dotnumber,9,1,training,highSC,average,50,38,352,['c'],1,left,none,-99,-99,,,,,,,,,,29,18,Vrouw,Rechts,
,dotnumber,10,1,training,highSC,hard,54,50,268,['n'],0,left,none,-99,-99,,,,,,,,,,29,18,Vrouw,Rechts,
,dotnumber,11,1,training,highSC,average,64,50,335,['n'],0,left,none,-99,-99,,,,,,,,,,29,18,Vrouw,Rechts,
,dotnumber,12,1,training,highSC,easy,25,50,385,['n'],1,right,none,-99,-99,,,,,,,,,,29,18,Vrouw,Rechts,
,dotnumber,13,1,training,highSC,easy,75,50,419,['c'],1,left,none,-99,-99,,,,,,,,,,29,18,Vrouw,Rechts,
,dotnumber,14,1,training,highSC,average,50,37,418,['n'],0,left,none,-99,-99,,,,,,,,,,29,18,Vrouw,Rechts,
,dotnumber,15,1,training,highSC,average,50,63,452,['n'],1,right,none,-99,-99,,,,,,,,,,29,18,Vrouw,Rechts,
,dotnumber,16,1,training,highSC,easy,26,50,335,['n'],1,right,none,-99,-99,,,,,,,,,,29,18,Vrouw,Rechts,
,dotnumber,17,1,training,highSC,average,38,50,368,['n'],1,right,none,-99,-99,,,,,,,,,,29,18,Vrouw,Rechts,
,dotnumber,18,1,training,highSC,easy,50,74,268,['c'],0,right,none,-99,-99,,,,,,,,,,29,18,Vrouw,Rechts,
,dotnumber,19,1,training,highSC,average,64,50,250,['n'],0,left,none,-99,-99,,,,,,,,,,29,18,Vrouw,Rechts,
,dotnumber,20,1,training,highSC,easy,28,50,384,['n'],1,right,none,-99,-99,,,,,,,,,,29,18,Vrouw,Rechts,
,dotnumber,21,1,training,highSC,easy,50,75,318,['c'],0,right,none,-99,-99,,,,,,,,,,29,18,Vrouw,Rechts,
,dotnumber,22,1,training,highSC,hard,50,51,619,['c'],0,right,none,-99,-99,,,,,,,,,,29,18,Vrouw,Rechts,
,dotnumber,23,1,training,highSC,average,50,35,468,['c'],1,left,none,-99,-99,,,,,,,,,,29,18,Vrouw,Rechts,
,dotnumber,0,2,training,highSC,easy,25,50,401,['n'],1,right,none,-99,-99,,,,,,,,,,29,18,Vrouw,Rechts,
,dotnumber,1,2,training,highSC,hard,50,51,467,['c'],0,right,none,-99,-99,,,,,,,,,,29,18,Vrouw,Rechts,
,dotnumber,2,2,training,highSC,average,50,65,334,['n'],1,right,none,-99,-99,,,,,,,,,,29,18,Vrouw,Rechts,
,dotnumber,3,2,training,highSC,hard,50,47,353,['c'],1,left,none,-99,-99,,,,,,,,,,29,18,Vrouw,Rechts,
,dotnumber,4,2,training,highSC,average,65,50,318,['n'],0,left,none,-99,-99,,,,,,,,,,29,18,Vrouw,Rechts,
,dotnumber,5,2,training,highSC,average,62,50,451,['n'],0,left,none,-99,-99,,,,,,,,,,29,18,Vrouw,Rechts,
,dotnumber,6,2,training,highSC,hard,50,49,569,['n'],0,left,none,-99,-99,,,,,,,,,,29,18,Vrouw,Rechts,
,dotnumber,7,2,training,highSC,average,50,36,518,['c'],1,left,none,-99,-99,,,,,,,,,,29,18,Vrouw,Rechts,
,dotnumber,8,2,training,highSC,average,50,38,418,['n'],0,left,none,-99,-99,,,,,,,,,,29,18,Vrouw,Rechts,
,dotnumber,9,2,training,highSC,average,50,36,401,['c'],1,left,none,-99,-99,,,,,,,,,,29,18,Vrouw,Rechts,
,dotnumber,10,2,training,highSC,hard,50,48,518,['c'],1,left,none,-99,-99,,,,,,,,,,29,18,Vrouw,Rechts,
,dotnumber,11,2,training,highSC,hard,51,50,468,['c'],1,left,none,-99,-99,,,,,,,,,,29,18,Vrouw,Rechts,
,dotnumber,12,2,training,highSC,hard,50,52,602,['n'],1,right,none,-99,-99,,,,,,,,,,29,18,Vrouw,Rechts,
,dotnumber,13,2,training,highSC,easy,29,50,352,['n'],1,right,none,-99,-99,,,,,,,,,,29,18,Vrouw,Rechts,
,dotnumber,14,2,training,highSC,hard,47,50,335,['c'],0,right,none,-99,-99,,,,,,,,,,29,18,Vrouw,Rechts,
,dotnumber,15,2,training,highSC,hard,50,53,601,['n'],1,right,none,-99,-99,,,,,,,,,,29,18,Vrouw,Rechts,
,dotnumber,16,2,training,highSC,hard,50,47,435,['c'],1,left,none,-99,-99,,,,,,,,,,29,18,Vrouw,Rechts,
,dotnumber,17,2,training,highSC,average,50,39,367,['n'],0,left,none,-99,-99,,,,,,,,,,29,18,Vrouw,Rechts,
,dotnumber,18,2,training,highSC,easy,50,26,485,['c'],1,left,none,-99,-99,,,,,,,,,,29,18,Vrouw,Rechts,
,dotnumber,19,2,training,highSC,hard,50,45,469,['n'],0,left,none,-99,-99,,,,,,,,,,29,18,Vrouw,Rechts,
,dotnumber,20,2,training,highSC,easy,75,50,434,['c'],1,left,none,-99,-99,,,,,,,,,,29,18,Vrouw,Rechts,
,dotnumber,21,2,training,highSC,easy,73,50,417,['c'],1,left,none,-99,-99,,,,,,,,,,29,18,Vrouw,Rechts,
,dotnumber,22,2,training,highSC,average,38,50,519,['c'],0,right,none,-99,-99,,,,,,,,,,29,18,Vrouw,Rechts,
,dotnumber,23,2,training,highSC,easy,73,50,635,['c'],1,left,none,-99,-99,,,,,,,,,,29,18,Vrouw,Rechts,
,dotnumber,0,3,training,highSC,easy,26,50,485,['n'],1,right,none,-99,-99,,,,,,,,,,29,18,Vrouw,Rechts,
,dotnumber,1,3,training,highSC,easy,50,25,418,['c'],1,left,none,-99,-99,,,,,,,,,,29,18,Vrouw,Rechts,
,dotnumber,2,3,training,highSC,easy,50,75,385,['n'],1,right,none,-99,-99,,,,,,,,,,29,18,Vrouw,Rechts,
,dotnumber,3,3,training,highSC,average,65,50,402,['c'],1,left,none,-99,-99,,,,,,,,,,29,18,Vrouw,Rechts,
,dotnumber,4,3,training,highSC,hard,54,50,401,['n'],0,left,none,-99,-99,,,,,,,,,,29,18,Vrouw,Rechts,
,dotnumber,5,3,training,highSC,average,64,50,301,['c'],1,left,none,-99,-99,,,,,,,,,,29,18,Vrouw,Rechts,
,dotnumber,6,3,training,highSC,easy,50,71,419,['n'],1,right,none,-99,-99,,,,,,,,,,29,18,Vrouw,Rechts,
,dotnumber,7,3,training,highSC,hard,50,49,336,['c'],1,left,none,-99,-99,,,,,,,,,,29,18,Vrouw,Rechts,
,dotnumber,8,3,training,highSC,easy,71,50,368,['n'],0,left,none,-99,-99,,,,,,,,,,29,18,Vrouw,Rechts,
,dotnumber,9,3,training,highSC,hard,48,50,468,['c'],0,right,none,-99,-99,,,,,,,,,,29,18,Vrouw,Rechts,
,dotnumber,10,3,training,highSC,easy,72,50,485,['c'],1,left,none,-99,-99,,,,,,,,,,29,18,Vrouw,Rechts,
,dotnumber,11,3,training,highSC,average,50,37,301,['n'],0,left,none,-99,-99,,,,,,,,,,29,18,Vrouw,Rechts,
,dotnumber,12,3,training,highSC,hard,50,53,669,['n'],1,right,none,-99,-99,,,,,,,,,,29,18,Vrouw,Rechts,
,dotnumber,13,3,training,highSC,easy,26,50,585,['n'],1,right,none,-99,-99,,,,,,,,,,29,18,Vrouw,Rechts,
,dotnumber,14,3,training,highSC,hard,54,50,551,['n'],0,left,none,-99,-99,,,,,,,,,,29,18,Vrouw,Rechts,
,dotnumber,15,3,training,highSC,average,50,62,384,['c'],0,right,none,-99,-99,,,,,,,,,,29,18,Vrouw,Rechts,
,dotnumber,16,3,training,highSC,hard,54,50,584,['n'],0,left,none,-99,-99,,,,,,,,,,29,18,Vrouw,Rechts,
,dotnumber,17,3,training,highSC,average,50,37,268,['n'],0,left,none,-99,-99,,,,,,,,,,29,18,Vrouw,Rechts,
,dotnumber,18,3,training,highSC,average,50,65,452,['n'],1,right,none,-99,-99,,,,,,,,,,29,18,Vrouw,Rechts,
,dotnumber,19,3,training,highSC,easy,74,50,334,['c'],1,left,none,-99,-99,,,,,,,,,,29,18,Vrouw,Rechts,
,dotnumber,20,3,training,highSC,easy,50,73,502,['n'],1,right,none,-99,-99,,,,,,,,,,29,18,Vrouw,Rechts,
,dotnumber,21,3,training,highSC,average,50,37,385,['c'],1,left,none,-99,-99,,,,,,,,,,29,18,Vrouw,Rechts,
,dotnumber,22,3,training,highSC,easy,50,73,635,['n'],1,right,none,-99,-99,,,,,,,,,,29,18,Vrouw,Rechts,
,dotnumber,23,3,training,highSC,easy,72,50,301,['c'],1,left,none,-99,-99,,,,,,,,,,29,18,Vrouw,Rechts,
,dotnumber,0,4,training,highSC,average,50,65,285,['n'],1,right,none,-99,-99,,,,,,,,,,29,18,Vrouw,Rechts,
,dotnumber,1,4,training,highSC,average,65,50,301,['n'],0,left,none,-99,-99,,,,,,,,,,29,18,Vrouw,Rechts,
,dotnumber,2,4,training,highSC,average,50,65,352,['n'],1,right,none,-99,-99,,,,,,,,,,29,18,Vrouw,Rechts,
,dotnumber,3,4,training,highSC,hard,50,51,669,['c'],0,right,none,-99,-99,,,,,,,,,,29,18,Vrouw,Rechts,
,dotnumber,4,4,training,highSC,easy,75,50,301,['n'],0,left,none,-99,-99,,,,,,,,,,29,18,Vrouw,Rechts,
,dotnumber,5,4,training,highSC,average,50,61,401,['n'],1,right,none,-99,-99,,,,,,,,,,29,18,Vrouw,Rechts,
,dotnumber,6,4,training,highSC,hard,50,52,385,['n'],1,right,none,-99,-99,,,,,,,,,,29,18,Vrouw,Rechts,
,dotnumber,7,4,training,highSC,easy,50,29,235,['n'],0,left,none,-99,-99,,,,,,,,,,29,18,Vrouw,Rechts,
,dotnumber,8,4,training,highSC,easy,50,74,186,['c'],0,right,none,-99,-99,,,,,,,,,,29,18,Vrouw,Rechts,
,dotnumber,9,4,training,highSC,easy,50,71,351,['n'],1,right,none,-99,-99,,,,,,,,,,29,18,Vrouw,Rechts,
,dotnumber,10,4,training,highSC,average,50,38,335,['c'],1,left,none,-99,-99,,,,,,,,,,29,18,Vrouw,Rechts,
,dotnumber,11,4,training,highSC,hard,45,50,268,['n'],1,right,none,-99,-99,,,,,,,,,,29,18,Vrouw,Rechts,
,dotnumber,12,4,training,highSC,easy,50,75,568,['n'],1,right,none,-99,-99,,,,,,,,,,29,18,Vrouw,Rechts,
,dotnumber,13,4,training,highSC,easy,71,50,385,['n'],0,left,none,-99,-99,,,,,,,,,,29,18,Vrouw,Rechts,
,dotnumber,14,4,training,highSC,hard,55,50,501,['n'],0,left,none,-99,-99,,,,,,,,,,29,18,Vrouw,Rechts,
,dotnumber,15,4,training,highSC,hard,54,50,218,['c'],1,left,none,-99,-99,,,,,,,,,,29,18,Vrouw,Rechts,
,dotnumber,16,4,training,highSC,easy,73,50,267,['n'],0,left,none,-99,-99,,,,,,,,,,29,18,Vrouw,Rechts,
,dotnumber,17,4,training,highSC,average,37,50,218,['c'],0,right,none,-99,-99,,,,,,,,,,29,18,Vrouw,Rechts,
,dotnumber,18,4,training,highSC,average,64,50,469,['n'],0,left,none,-99,-99,,,,,,,,,,29,18,Vrouw,Rechts,
,dotnumber,19,4,training,highSC,average,64,50,419,['n'],0,left,none,-99,-99,,,,,,,,,,29,18,Vrouw,Rechts,
,dotnumber,20,4,training,highSC,hard,50,51,501,['n'],1,right,none,-99,-99,,,,,,,,,,29,18,Vrouw,Rechts,
,dotnumber,21,4,training,highSC,easy,71,50,284,['c'],1,left,none,-99,-99,,,,,,,,,,29,18,Vrouw,Rechts,
,dotnumber,22,4,training,highSC,average,50,61,336,['n'],1,right,none,-99,-99,,,,,,,,,,29,18,Vrouw,Rechts,
,dotnumber,23,4,training,highSC,hard,49,50,401,['n'],1,right,none,-99,-99,,,,,,,,,,29,18,Vrouw,Rechts,
,dotnumber,0,5,main,highSC,average,50,38,2370,['n'],0,left,['3'],3,1861,,,,,,,,,,29,18,Vrouw,Rechts,
,dotnumber,1,5,main,highSC,average,50,65,669,['n'],1,right,['8'],4,426,,,,,,,,,,29,18,Vrouw,Rechts,
,dotnumber,2,5,main,highSC,easy,74,50,752,['c'],1,left,['8'],4,806,,,,,,,,,,29,18,Vrouw,Rechts,
,dotnumber,3,5,main,highSC,average,50,39,435,['c'],1,left,['9'],5,287,,,,,,,,,,29,18,Vrouw,Rechts,
,dotnumber,4,5,main,highSC,average,38,50,552,['n'],1,right,['9'],5,329,,,,,,,,,,29,18,Vrouw,Rechts,
,dotnumber,5,5,main,highSC,hard,50,47,585,['c'],1,left,['8'],4,656,,,,,,,,,,29,18,Vrouw,Rechts,
,dotnumber,6,5,main,highSC,hard,46,50,686,['n'],1,right,['8'],4,581,,,,,,,,,,29,18,Vrouw,Rechts,
,dotnumber,7,5,main,highSC,hard,53,50,601,['n'],0,left,['3'],3,289,,,,,,,,,,29,18,Vrouw,Rechts,
,dotnumber,8,5,main,highSC,hard,50,46,385,['c'],1,left,['8'],4,402,,,,,,,,,,29,18,Vrouw,Rechts,
,dotnumber,9,5,main,highSC,easy,50,26,502,['c'],1,left,['9'],5,153,,,,,,,,,,29,18,Vrouw,Rechts,
,dotnumber,10,5,main,highSC,average,62,50,585,['c'],1,left,['9'],5,246,,,,,,,,,,29,18,Vrouw,Rechts,
,dotnumber,11,5,main,highSC,easy,50,71,485,['n'],1,right,['8'],4,549,,,,,,,,,,29,18,Vrouw,Rechts,
,dotnumber,12,5,main,highSC,average,50,39,418,['c'],1,left,['8'],4,265,,,,,,,,,,29,18,Vrouw,Rechts,
,dotnumber,13,5,main,highSC,hard,54,50,568,['n'],0,left,['9'],5,275,,,,,,,,,,29,18,Vrouw,Rechts,
,dotnumber,14,5,main,highSC,hard,50,49,635,['c'],1,left,['3'],3,266,,,,,,,,,,29,18,Vrouw,Rechts,
,dotnumber,15,5,main,highSC,easy,26,50,302,['n'],1,right,['3'],3,334,,,,,,,,,,29,18,Vrouw,Rechts,
,dotnumber,16,5,main,highSC,easy,26,50,468,['n'],1,right,['8'],4,329,,,,,,,,,,29,18,Vrouw,Rechts,
,dotnumber,17,5,main,highSC,hard,53,50,502,['c'],1,left,['8'],4,244,,,,,,,,,,29,18,Vrouw,Rechts,
,dotnumber,18,5,main,highSC,average,38,50,719,['n'],1,right,['3'],3,233,,,,,,,,,,29,18,Vrouw,Rechts,
,dotnumber,19,5,main,highSC,average,36,50,619,['n'],1,right,['3'],3,258,,,,,,,,,,29,18,Vrouw,Rechts,
,dotnumber,20,5,main,highSC,average,64,50,418,['c'],1,left,['8'],4,498,,,,,,,,,,29,18,Vrouw,Rechts,
,dotnumber,21,5,main,highSC,easy,50,26,653,['c'],1,left,['9'],5,207,,,,,,,,,,29,18,Vrouw,Rechts,
,dotnumber,22,5,main,highSC,easy,72,50,485,['c'],1,left,['9'],5,223,,,,,,,,,,29,18,Vrouw,Rechts,
,dotnumber,23,5,main,highSC,hard,50,51,902,['n'],1,right,['9'],5,269,,,,,,,,,,29,18,Vrouw,Rechts,
,dotnumber,24,5,main,highSC,easy,71,50,585,['c'],1,left,['8'],4,262,,,,,,,,,,29,18,Vrouw,Rechts,
,dotnumber,25,5,main,highSC,hard,50,53,901,['c'],0,right,['8'],4,483,,,,,,,,,,29,18,Vrouw,Rechts,
,dotnumber,26,5,main,highSC,hard,50,51,919,['c'],0,right,['3'],3,261,,,,,,,,,,29,18,Vrouw,Rechts,
,dotnumber,27,5,main,highSC,easy,50,73,585,['n'],1,right,['8'],4,623,,,,,,,,,,29,18,Vrouw,Rechts,
,dotnumber,28,5,main,highSC,easy,50,29,486,['c'],1,left,['8'],4,318,,,,,,,,,,29,18,Vrouw,Rechts,
,dotnumber,29,5,main,highSC,hard,50,55,952,['n'],1,right,['8'],4,454,,,,,,,,,,29,18,Vrouw,Rechts,
,dotnumber,30,5,main,highSC,hard,54,50,701,['c'],1,left,['8'],4,370,,,,,,,,,,29,18,Vrouw,Rechts,
,dotnumber,31,5,main,highSC,average,50,37,853,['c'],1,left,['8'],4,300,,,,,,,,,,29,18,Vrouw,Rechts,
,dotnumber,32,5,main,highSC,average,37,50,669,['n'],1,right,['8'],4,544,,,,,,,,,,29,18,Vrouw,Rechts,
,dotnumber,33,5,main,highSC,average,36,50,802,['n'],1,right,['8'],4,598,,,,,,,,,,29,18,Vrouw,Rechts,
,dotnumber,34,5,main,highSC,average,50,39,702,['c'],1,left,['8'],4,861,,,,,,,,,,29,18,Vrouw,Rechts,
,dotnumber,35,5,main,highSC,average,62,50,851,['n'],0,left,['9'],5,227,,,,,,,,,,29,18,Vrouw,Rechts,
,dotnumber,36,5,main,highSC,easy,50,28,535,['c'],1,left,['0'],6,336,,,,,,,,,,29,18,Vrouw,Rechts,
,dotnumber,37,5,main,highSC,easy,50,71,868,['n'],1,right,['8'],4,315,,,,,,,,,,29,18,Vrouw,Rechts,
,dotnumber,38,5,main,highSC,average,50,64,584,['n'],1,right,['0'],6,306,,,,,,,,,,29,18,Vrouw,Rechts,
,dotnumber,39,5,main,highSC,easy,50,29,652,['n'],0,left,['3'],3,295,,,,,,,,,,29,18,Vrouw,Rechts,
,dotnumber,40,5,main,highSC,hard,50,46,719,['n'],0,left,['3'],3,506,,,,,,,,,,29,18,Vrouw,Rechts,
,dotnumber,41,5,main,highSC,easy,50,74,585,['n'],1,right,['9'],5,313,,,,,,,,,,29,18,Vrouw,Rechts,
,dotnumber,42,5,main,highSC,hard,50,46,418,['n'],0,left,['9'],5,216,,,,,,,,,,29,18,Vrouw,Rechts,
,dotnumber,43,5,main,highSC,average,50,37,502,['c'],1,left,['8'],4,246,,,,,,,,,,29,18,Vrouw,Rechts,
,dotnumber,44,5,main,highSC,easy,73,50,1385,['c'],1,left,['8'],4,336,,,,,,,,,,29,18,Vrouw,Rechts,
,dotnumber,45,5,main,highSC,hard,50,51,685,['n'],1,right,['8'],4,546,,,,,,,,,,29,18,Vrouw,Rechts,
,dotnumber,46,5,main,highSC,average,50,62,685,['c'],0,right,['8'],4,364,,,,,,,,,,29,18,Vrouw,Rechts,
,dotnumber,47,5,main,highSC,average,64,50,585,['c'],1,left,['9'],5,722,,,,,,,,,,29,18,Vrouw,Rechts,
,dotnumber,48,5,main,highSC,easy,72,50,485,['c'],1,left,['9'],5,268,,,,,,,,,,29,18,Vrouw,Rechts,
,dotnumber,49,5,main,highSC,easy,50,27,569,['c'],1,left,['8'],4,294,,,,,,,,,,29,18,Vrouw,Rechts,
,dotnumber,50,5,main,highSC,easy,72,50,1619,['n'],0,left,['8'],4,292,,,,,,,,,,29,18,Vrouw,Rechts,
,dotnumber,51,5,main,highSC,easy,50,71,651,['n'],1,right,['9'],5,249,,,,,,,,,,29,18,Vrouw,Rechts,
,dotnumber,52,5,main,highSC,hard,47,50,651,['c'],0,right,['8'],4,304,,,,,,,,,,29,18,Vrouw,Rechts,
,dotnumber,53,5,main,highSC,hard,49,50,718,['c'],0,right,['8'],4,483,,,,,,,,,,29,18,Vrouw,Rechts,
,dotnumber,54,5,main,highSC,easy,26,50,1169,['n'],1,right,['9'],5,251,,,,,,,,,,29,18,Vrouw,Rechts,
,dotnumber,55,5,main,highSC,hard,46,50,651,['n'],1,right,['8'],4,482,,,,,,,,,,29,18,Vrouw,Rechts,
,dotnumber,56,5,main,highSC,easy,50,74,651,['n'],1,right,['8'],4,319,,,,,,,,,,29,18,Vrouw,Rechts,
,dotnumber,57,5,main,highSC,hard,50,54,484,['c'],0,right,['8'],4,298,,,,,,,,,,29,18,Vrouw,Rechts,
,dotnumber,58,5,main,highSC,average,50,63,418,['n'],1,right,['9'],5,153,,,,,,,,,,29,18,Vrouw,Rechts,
,dotnumber,59,5,main,highSC,hard,47,50,602,['n'],1,right,['8'],4,150,,,,,,,,,,29,18,Vrouw,Rechts,
,dotnumber,60,5,main,highSC,hard,50,48,651,['n'],0,left,['8'],4,289,,,,,,,,,,29,18,Vrouw,Rechts,
,dotnumber,61,5,main,highSC,average,50,65,451,['n'],1,right,['9'],5,223,,,,,,,,,,29,18,Vrouw,Rechts,
,dotnumber,62,5,main,highSC,hard,47,50,451,['c'],0,right,['8'],4,191,,,,,,,,,,29,18,Vrouw,Rechts,
,dotnumber,63,5,main,highSC,easy,28,50,434,['n'],1,right,['0'],6,690,,,,,,,,,,29,18,Vrouw,Rechts,
,dotnumber,64,5,main,highSC,easy,29,50,1086,['n'],1,right,['0'],6,357,,,,,,,,,,29,18,Vrouw,Rechts,
,dotnumber,65,5,main,highSC,average,65,50,735,['c'],1,left,['8'],4,277,,,,,,,,,,29,18,Vrouw,Rechts,
,dotnumber,66,5,main,highSC,easy,28,50,719,['n'],1,right,['8'],4,328,,,,,,,,,,29,18,Vrouw,Rechts,
,dotnumber,67,5,main,highSC,hard,53,50,634,['n'],0,left,['8'],4,381,,,,,,,,,,29,18,Vrouw,Rechts,
,dotnumber,68,5,main,highSC,average,62,50,417,['c'],1,left,['9'],5,249,,,,,,,,,,29,18,Vrouw,Rechts,
,dotnumber,69,5,main,highSC,average,50,64,885,['n'],1,right,['9'],5,199,,,,,,,,,,29,18,Vrouw,Rechts,
,dotnumber,70,5,main,highSC,hard,52,50,568,['n'],0,left,['8'],4,195,,,,,,,,,,29,18,Vrouw,Rechts,
,dotnumber,71,5,main,highSC,average,39,50,601,['n'],1,right,['9'],5,111,,,,,,,,,,29,18,Vrouw,Rechts,
,dotnumber,0,6,main,highSC,hard,50,52,502,['n'],1,right,['8'],4,906,,,,,,,,,,29,18,Vrouw,Rechts,
,dotnumber,1,6,main,highSC,easy,50,71,468,['n'],1,right,['9'],5,446,,,,,,,,,,29,18,Vrouw,Rechts,
,dotnumber,2,6,main,highSC,easy,50,72,968,['n'],1,right,['9'],5,273,,,,,,,,,,29,18,Vrouw,Rechts,
,dotnumber,3,6,main,highSC,hard,48,50,485,['c'],0,right,['3'],3,301,,,,,,,,,,29,18,Vrouw,Rechts,
,dotnumber,4,6,main,highSC,average,64,50,601,['c'],1,left,['9'],5,325,,,,,,,,,,29,18,Vrouw,Rechts,
,dotnumber,5,6,main,highSC,easy,28,50,802,['n'],1,right,['9'],5,115,,,,,,,,,,29,18,Vrouw,Rechts,
,dotnumber,6,6,main,highSC,easy,50,26,502,['c'],1,left,['9'],5,197,,,,,,,,,,29,18,Vrouw,Rechts,
,dotnumber,7,6,main,highSC,hard,48,50,501,['c'],0,right,['9'],5,485,,,,,,,,,,29,18,Vrouw,Rechts,
,dotnumber,8,6,main,highSC,easy,75,50,568,['c'],1,left,['9'],5,246,,,,,,,,,,29,18,Vrouw,Rechts,
,dotnumber,9,6,main,highSC,average,37,50,969,['n'],1,right,['9'],5,305,,,,,,,,,,29,18,Vrouw,Rechts,
,dotnumber,10,6,main,highSC,hard,50,49,635,['c'],1,left,['3'],3,86,,,,,,,,,,29,18,Vrouw,Rechts,
,dotnumber,11,6,main,highSC,average,50,37,919,['n'],0,left,['8'],4,441,,,,,,,,,,29,18,Vrouw,Rechts,
,dotnumber,12,6,main,highSC,hard,50,46,634,['c'],1,left,['8'],4,441,,,,,,,,,,29,18,Vrouw,Rechts,
,dotnumber,13,6,main,highSC,hard,47,50,769,['c'],0,right,['8'],4,244,,,,,,,,,,29,18,Vrouw,Rechts,
,dotnumber,14,6,main,highSC,easy,28,50,786,['n'],1,right,['9'],5,214,,,,,,,,,,29,18,Vrouw,Rechts,
,dotnumber,15,6,main,highSC,average,50,61,769,['n'],1,right,['8'],4,362,,,,,,,,,,29,18,Vrouw,Rechts,
,dotnumber,16,6,main,highSC,average,64,50,868,['c'],1,left,['3'],3,372,,,,,,,,,,29,18,Vrouw,Rechts,
,dotnumber,17,6,main,highSC,average,50,61,468,['n'],1,right,['8'],4,942,,,,,,,,,,29,18,Vrouw,Rechts,
,dotnumber,18,6,main,highSC,average,38,50,551,['n'],1,right,['8'],4,205,,,,,,,,,,29,18,Vrouw,Rechts,
,dotnumber,19,6,main,highSC,hard,50,48,618,['n'],0,left,['8'],4,375,,,,,,,,,,29,18,Vrouw,Rechts,
,dotnumber,20,6,main,highSC,hard,47,50,602,['c'],0,right,['8'],4,460,,,,,,,,,,29,18,Vrouw,Rechts,
,dotnumber,21,6,main,highSC,easy,25,50,1086,['n'],1,right,['8'],4,281,,,,,,,,,,29,18,Vrouw,Rechts,
,dotnumber,22,6,main,highSC,average,50,39,852,['c'],1,left,['8'],4,887,,,,,,,,,,29,18,Vrouw,Rechts,
,dotnumber,23,6,main,highSC,average,50,61,551,['n'],1,right,['9'],5,200,,,,,,,,,,29,18,Vrouw,Rechts,
,dotnumber,24,6,main,highSC,hard,46,50,601,['c'],0,right,['8'],4,675,,,,,,,,,,29,18,Vrouw,Rechts,
,dotnumber,25,6,main,highSC,easy,27,50,551,['n'],1,right,['8'],4,285,,,,,,,,,,29,18,Vrouw,Rechts,
,dotnumber,26,6,main,highSC,average,50,37,702,['n'],0,left,['8'],4,400,,,,,,,,,,29,18,Vrouw,Rechts,
,dotnumber,27,6,main,highSC,hard,50,51,685,['c'],0,right,['8'],4,320,,,,,,,,,,29,18,Vrouw,Rechts,
,dotnumber,28,6,main,highSC,hard,54,50,451,['c'],1,left,['8'],4,413,,,,,,,,,,29,18,Vrouw,Rechts,
,dotnumber,29,6,main,highSC,hard,50,54,684,['c'],0,right,['8'],4,3244,,,,,,,,,,29,18,Vrouw,Rechts,
,dotnumber,30,6,main,highSC,easy,72,50,585,['c'],1,left,['9'],5,539,,,,,,,,,,29,18,Vrouw,Rechts,
,dotnumber,31,6,main,highSC,easy,50,71,802,['n'],1,right,['8'],4,288,,,,,,,,,,29,18,Vrouw,Rechts,
,dotnumber,32,6,main,highSC,average,50,63,434,['n'],1,right,['8'],4,511,,,,,,,,,,29,18,Vrouw,Rechts,
,dotnumber,33,6,main,highSC,easy,25,50,1085,['n'],1,right,['9'],5,202,,,,,,,,,,29,18,Vrouw,Rechts,
,dotnumber,34,6,main,highSC,average,50,61,402,['c'],0,right,['8'],4,205,,,,,,,,,,29,18,Vrouw,Rechts,
,dotnumber,35,6,main,highSC,hard,54,50,384,['n'],0,left,['9'],5,194,,,,,,,,,,29,18,Vrouw,Rechts,
,dotnumber,36,6,main,highSC,average,63,50,585,['c'],1,left,['9'],5,62,,,,,,,,,,29,18,Vrouw,Rechts,
,dotnumber,37,6,main,highSC,average,37,50,334,['n'],1,right,['9'],5,282,,,,,,,,,,29,18,Vrouw,Rechts,
,dotnumber,38,6,main,highSC,easy,71,50,652,['c'],1,left,['9'],5,255,,,,,,,,,,29,18,Vrouw,Rechts,
,dotnumber,39,6,main,highSC,easy,50,29,435,['c'],1,left,['9'],5,63,,,,,,,,,,29,18,Vrouw,Rechts,
,dotnumber,40,6,main,highSC,easy,75,50,451,['c'],1,left,['9'],5,246,,,,,,,,,,29,18,Vrouw,Rechts,
,dotnumber,41,6,main,highSC,hard,50,51,552,['c'],0,right,['9'],5,562,,,,,,,,,,29,18,Vrouw,Rechts,
,dotnumber,42,6,main,highSC,hard,54,50,402,['c'],1,left,['8'],4,535,,,,,,,,,,29,18,Vrouw,Rechts,
,dotnumber,43,6,main,highSC,average,50,38,435,['c'],1,left,['8'],4,139,,,,,,,,,,29,18,Vrouw,Rechts,
,dotnumber,44,6,main,highSC,easy,50,74,1085,['n'],1,right,['9'],5,422,,,,,,,,,,29,18,Vrouw,Rechts,
,dotnumber,45,6,main,highSC,hard,50,48,401,['c'],1,left,['9'],5,320,,,,,,,,,,29,18,Vrouw,Rechts,
,dotnumber,46,6,main,highSC,hard,50,47,551,['n'],0,left,['9'],5,568,,,,,,,,,,29,18,Vrouw,Rechts,
,dotnumber,47,6,main,highSC,easy,27,50,769,['n'],1,right,['9'],5,253,,,,,,,,,,29,18,Vrouw,Rechts,
,dotnumber,48,6,main,highSC,average,36,50,435,['n'],1,right,['9'],5,269,,,,,,,,,,29,18,Vrouw,Rechts,
,dotnumber,49,6,main,highSC,easy,50,71,502,['n'],1,right,['9'],5,298,,,,,,,,,,29,18,Vrouw,Rechts,
,dotnumber,50,6,main,highSC,average,64,50,384,['c'],1,left,['8'],4,362,,,,,,,,,,29,18,Vrouw,Rechts,
,dotnumber,51,6,main,highSC,average,39,50,803,['n'],1,right,['8'],4,503,,,,,,,,,,29,18,Vrouw,Rechts,
,dotnumber,52,6,main,highSC,average,50,61,619,['n'],1,right,['8'],4,869,,,,,,,,,,29,18,Vrouw,Rechts,
,dotnumber,53,6,main,highSC,average,62,50,618,['c'],1,left,['8'],4,1156,,,,,,,,,,29,18,Vrouw,Rechts,
,dotnumber,54,6,main,highSC,average,50,38,935,['n'],0,left,['8'],4,1851,,,,,,,,,,29,18,Vrouw,Rechts,
,dotnumber,55,6,main,highSC,easy,50,29,502,['c'],1,left,['9'],5,230,,,,,,,,,,29,18,Vrouw,Rechts,
,dotnumber,56,6,main,highSC,hard,50,46,769,['n'],0,left,['9'],5,330,,,,,,,,,,29,18,Vrouw,Rechts,
,dotnumber,57,6,main,highSC,hard,47,50,485,['c'],0,right,['9'],5,245,,,,,,,,,,29,18,Vrouw,Rechts,
,dotnumber,58,6,main,highSC,easy,50,27,551,['c'],1,left,['9'],5,241,,,,,,,,,,29,18,Vrouw,Rechts,
,dotnumber,59,6,main,highSC,easy,75,50,417,['c'],1,left,['9'],5,306,,,,,,,,,,29,18,Vrouw,Rechts,
,dotnumber,60,6,main,highSC,easy,50,29,502,['c'],1,left,['9'],5,237,,,,,,,,,,29,18,Vrouw,Rechts,
,dotnumber,61,6,main,highSC,easy,50,75,902,['n'],1,right,['0'],6,474,,,,,,,,,,29,18,Vrouw,Rechts,
,dotnumber,62,6,main,highSC,hard,50,53,551,['n'],1,right,['0'],6,221,,,,,,,,,,29,18,Vrouw,Rechts,
,dotnumber,63,6,main,highSC,hard,55,50,469,['n'],0,left,['0'],6,412,,,,,,,,,,29,18,Vrouw,Rechts,
,dotnumber,64,6,main,highSC,average,36,50,435,['n'],1,right,['0'],6,326,,,,,,,,,,29,18,Vrouw,Rechts,
,dotnumber,65,6,main,highSC,hard,50,52,1052,['c'],0,right,['9'],5,314,,,,,,,,,,29,18,Vrouw,Rechts,
,dotnumber,66,6,main,highSC,hard,52,50,536,['c'],1,left,['9'],5,180,,,,,,,,,,29,18,Vrouw,Rechts,
,dotnumber,67,6,main,highSC,average,61,50,452,['c'],1,left,['9'],5,134,,,,,,,,,,29,18,Vrouw,Rechts,
,dotnumber,68,6,main,highSC,average,50,36,1120,['n'],0,left,['8'],4,175,,,,,,,,,,29,18,Vrouw,Rechts,
,dotnumber,69,6,main,highSC,hard,54,50,851,['n'],0,left,['8'],4,161,,,,,,,,,,29,18,Vrouw,Rechts,
,dotnumber,70,6,main,highSC,easy,50,29,852,['c'],1,left,['8'],4,564,,,,,,,,,,29,18,Vrouw,Rechts,
,dotnumber,71,6,main,highSC,easy,75,50,617,['c'],1,left,['8'],4,384,,,,,,,,,,29,18,Vrouw,Rechts,
,dotnumber,0,7,main,highSC,average,63,50,602,['c'],1,left,['9'],5,624,,,,,,,,,,29,18,Vrouw,Rechts,
,dotnumber,1,7,main,highSC,hard,51,50,701,['c'],1,left,['9'],5,246,,,,,,,,,,29,18,Vrouw,Rechts,
,dotnumber,2,7,main,highSC,hard,50,47,1086,['n'],0,left,['9'],5,300,,,,,,,,,,29,18,Vrouw,Rechts,
,dotnumber,3,7,main,highSC,hard,50,52,1769,['n'],1,right,['9'],5,243,,,,,,,,,,29,18,Vrouw,Rechts,
,dotnumber,4,7,main,highSC,average,35,50,902,['n'],1,right,['9'],5,256,,,,,,,,,,29,18,Vrouw,Rechts,
,dotnumber,5,7,main,highSC,easy,26,50,435,['n'],1,right,['9'],5,433,,,,,,,,,,29,18,Vrouw,Rechts,
,dotnumber,6,7,main,highSC,easy,28,50,770,['n'],1,right,['9'],5,235,,,,,,,,,,29,18,Vrouw,Rechts,
,dotnumber,7,7,main,highSC,average,50,35,634,['c'],1,left,['9'],5,243,,,,,,,,,,29,18,Vrouw,Rechts,
,dotnumber,8,7,main,highSC,hard,50,52,569,['c'],0,right,['9'],5,1246,,,,,,,,,,29,18,Vrouw,Rechts,
,dotnumber,9,7,main,highSC,average,62,50,568,['c'],1,left,['9'],5,928,,,,,,,,,,29,18,Vrouw,Rechts,
,dotnumber,10,7,main,highSC,average,50,64,1685,['n'],1,right,['8'],4,338,,,,,,,,,,29,18,Vrouw,Rechts,
,dotnumber,11,7,main,highSC,easy,50,28,418,['c'],1,left,['9'],5,31,,,,,,,,,,29,18,Vrouw,Rechts,
,dotnumber,12,7,main,highSC,easy,27,50,569,['n'],1,right,['9'],5,227,,,,,,,,,,29,18,Vrouw,Rechts,
,dotnumber,13,7,main,highSC,average,64,50,501,['c'],1,left,['9'],5,225,,,,,,,,,,29,18,Vrouw,Rechts,
,dotnumber,14,7,main,highSC,average,50,62,685,['n'],1,right,['9'],5,280,,,,,,,,,,29,18,Vrouw,Rechts,
,dotnumber,15,7,main,highSC,easy,50,25,617,['c'],1,left,['3'],3,704,,,,,,,,,,29,18,Vrouw,Rechts,
,dotnumber,16,7,main,highSC,easy,50,74,534,['n'],1,right,['8'],4,16473,,,,,,,,,,29,18,Vrouw,Rechts,
,dotnumber,17,7,main,highSC,easy,50,28,418,['c'],1,left,['8'],4,274,,,,,,,,,,29,18,Vrouw,Rechts,
,dotnumber,18,7,main,highSC,easy,50,28,468,['c'],1,left,['8'],4,192,,,,,,,,,,29,18,Vrouw,Rechts,
,dotnumber,19,7,main,highSC,hard,45,50,450,['n'],1,right,['8'],4,418,,,,,,,,,,29,18,Vrouw,Rechts,
,dotnumber,20,7,main,highSC,easy,50,25,285,['c'],1,left,['9'],5,497,,,,,,,,,,29,18,Vrouw,Rechts,
,dotnumber,21,7,main,highSC,easy,50,28,852,['c'],1,left,['9'],5,214,,,,,,,,,,29,18,Vrouw,Rechts,
,dotnumber,22,7,main,highSC,hard,46,50,785,['n'],1,right,['9'],5,217,,,,,,,,,,29,18,Vrouw,Rechts,
,dotnumber,23,7,main,highSC,average,63,50,501,['c'],1,left,['9'],5,232,,,,,,,,,,29,18,Vrouw,Rechts,
,dotnumber,24,7,main,highSC,hard,50,54,652,['n'],1,right,['8'],4,368,,,,,,,,,,29,18,Vrouw,Rechts,
,dotnumber,25,7,main,highSC,easy,27,50,318,['n'],1,right,['9'],5,447,,,,,,,,,,29,18,Vrouw,Rechts,
,dotnumber,26,7,main,highSC,average,50,37,918,['c'],1,left,['9'],5,468,,,,,,,,,,29,18,Vrouw,Rechts,
,dotnumber,27,7,main,highSC,easy,27,50,502,['n'],1,right,['9'],5,248,,,,,,,,,,29,18,Vrouw,Rechts,
,dotnumber,28,7,main,highSC,easy,50,71,617,['n'],1,right,['8'],4,561,,,,,,,,,,29,18,Vrouw,Rechts,
,dotnumber,29,7,main,highSC,hard,47,50,485,['n'],1,right,['8'],4,402,,,,,,,,,,29,18,Vrouw,Rechts,
,dotnumber,30,7,main,highSC,easy,73,50,502,['n'],0,left,['8'],4,169,,,,,,,,,,29,18,Vrouw,Rechts,
,dotnumber,31,7,main,highSC,average,38,50,268,['c'],0,right,['3'],3,67,,,,,,,,,,29,18,Vrouw,Rechts,
,dotnumber,32,7,main,highSC,hard,50,51,284,['n'],1,right,['3'],3,305,,,,,,,,,,29,18,Vrouw,Rechts,
,dotnumber,33,7,main,highSC,average,50,64,468,['c'],0,right,['3'],3,253,,,,,,,,,,29,18,Vrouw,Rechts,
,dotnumber,34,7,main,highSC,hard,51,50,418,['n'],0,left,['8'],4,382,,,,,,,,,,29,18,Vrouw,Rechts,
,dotnumber,35,7,main,highSC,hard,47,50,584,['n'],1,right,['8'],4,402,,,,,,,,,,29,18,Vrouw,Rechts,
,dotnumber,36,7,main,highSC,hard,55,50,552,['c'],1,left,['8'],4,167,,,,,,,,,,29,18,Vrouw,Rechts,
,dotnumber,37,7,main,highSC,hard,45,50,418,['n'],1,right,['3'],3,139,,,,,,,,,,29,18,Vrouw,Rechts,
,dotnumber,38,7,main,highSC,hard,50,45,468,['n'],0,left,['8'],4,78,,,,,,,,,,29,18,Vrouw,Rechts,
,dotnumber,39,7,main,highSC,easy,71,50,468,['c'],1,left,['8'],4,4,,,,,,,,,,29,18,Vrouw,Rechts,
,dotnumber,40,7,main,highSC,average,50,65,401,['c'],0,right,['8'],4,511,,,,,,,,,,29,18,Vrouw,Rechts,
,dotnumber,41,7,main,highSC,average,50,35,452,['n'],0,left,['8'],4,132,,,,,,,,,,29,18,Vrouw,Rechts,
,dotnumber,42,7,main,highSC,easy,72,50,403,['c'],1,left,['8'],4,602,,,,,,,,,,29,18,Vrouw,Rechts,
,dotnumber,43,7,main,highSC,hard,53,50,1035,['n'],0,left,['8'],4,403,,,,,,,,,,29,18,Vrouw,Rechts,
,dotnumber,44,7,main,highSC,easy,75,50,401,['c'],1,left,['8'],4,14,,,,,,,,,,29,18,Vrouw,Rechts,
,dotnumber,45,7,main,highSC,easy,72,50,468,['c'],1,left,['8'],4,247,,,,,,,,,,29,18,Vrouw,Rechts,
,dotnumber,46,7,main,highSC,hard,50,53,1002,['n'],1,right,['8'],4,288,,,,,,,,,,29,18,Vrouw,Rechts,
,dotnumber,47,7,main,highSC,average,63,50,368,['c'],1,left,['8'],4,258,,,,,,,,,,29,18,Vrouw,Rechts,
,dotnumber,48,7,main,highSC,average,50,39,552,['c'],1,left,['8'],4,220,,,,,,,,,,29,18,Vrouw,Rechts,
,dotnumber,49,7,main,highSC,hard,50,46,301,['n'],0,left,['8'],4,19,,,,,,,,,,29,18,Vrouw,Rechts,
,dotnumber,50,7,main,highSC,easy,73,50,368,['c'],1,left,['8'],4,735,,,,,,,,,,29,18,Vrouw,Rechts,
,dotnumber,51,7,main,highSC,hard,50,49,401,['c'],1,left,['3'],3,365,,,,,,,,,,29,18,Vrouw,Rechts,
,dotnumber,52,7,main,highSC,average,50,62,418,['n'],1,right,['8'],4,313,,,,,,,,,,29,18,Vrouw,Rechts,
,dotnumber,53,7,main,highSC,average,50,38,369,['c'],1,left,['8'],4,473,,,,,,,,,,29,18,Vrouw,Rechts,
,dotnumber,54,7,main,highSC,hard,51,50,534,['n'],0,left,['8'],4,300,,,,,,,,,,29,18,Vrouw,Rechts,
,dotnumber,55,7,main,highSC,easy,28,50,518,['n'],1,right,['8'],4,38,,,,,,,,,,29,18,Vrouw,Rechts,
,dotnumber,56,7,main,highSC,average,63,50,552,['c'],1,left,['8'],4,218,,,,,,,,,,29,18,Vrouw,Rechts,
,dotnumber,57,7,main,highSC,hard,48,50,351,['n'],1,right,['8'],4,31,,,,,,,,,,29,18,Vrouw,Rechts,
,dotnumber,58,7,main,highSC,easy,50,73,170,['c'],0,right,['3'],3,529,,,,,,,,,,29,18,Vrouw,Rechts,
,dotnumber,59,7,main,highSC,hard,50,48,335,['c'],1,left,['8'],4,154,,,,,,,,,,29,18,Vrouw,Rechts,
,dotnumber,60,7,main,highSC,average,50,62,435,['n'],1,right,['3'],3,366,,,,,,,,,,29,18,Vrouw,Rechts,
,dotnumber,61,7,main,highSC,easy,50,72,519,['n'],1,right,['8'],4,102,,,,,,,,,,29,18,Vrouw,Rechts,
,dotnumber,62,7,main,highSC,average,36,50,602,['n'],1,right,['8'],4,213,,,,,,,,,,29,18,Vrouw,Rechts,
,dotnumber,63,7,main,highSC,average,37,50,451,['n'],1,right,['9'],5,246,,,,,,,,,,29,18,Vrouw,Rechts,
,dotnumber,64,7,main,highSC,average,37,50,485,['n'],1,right,['8'],4,485,,,,,,,,,,29,18,Vrouw,Rechts,
,dotnumber,65,7,main,highSC,hard,53,50,434,['n'],0,left,['8'],4,619,,,,,,,,,,29,18,Vrouw,Rechts,
,dotnumber,66,7,main,highSC,hard,50,46,468,['n'],0,left,['3'],3,474,,,,,,,,,,29,18,Vrouw,Rechts,
,dotnumber,67,7,main,highSC,easy,50,75,586,['n'],1,right,['8'],4,107,,,,,,,,,,29,18,Vrouw,Rechts,
,dotnumber,68,7,main,highSC,hard,50,51,435,['n'],1,right,['8'],4,241,,,,,,,,,,29,18,Vrouw,Rechts,
,dotnumber,69,7,main,highSC,average,50,37,651,['c'],1,left,['8'],4,201,,,,,,,,,,29,18,Vrouw,Rechts,
,dotnumber,70,7,main,highSC,easy,50,74,468,['n'],1,right,['8'],4,137,,,,,,,,,,29,18,Vrouw,Rechts,
,dotnumber,71,7,main,highSC,average,37,50,535,['n'],1,right,['8'],4,410,,,,,,,,,,29,18,Vrouw,Rechts,
,xotask,0,0,training,mediumSC,hard,,,601,['c'],0,right,none,-99,-99,29,,,,,,,,,29,18,Vrouw,Rechts,
,xotask,1,0,training,mediumSC,easy,,,635,['c'],0,right,none,-99,-99,9,,,,,,,,,29,18,Vrouw,Rechts,
,xotask,2,0,training,mediumSC,hard,,,418,['n'],1,right,none,-99,-99,28,,,,,,,,,29,18,Vrouw,Rechts,
,xotask,3,0,training,mediumSC,easy,,,336,['n'],1,right,none,-99,-99,5,,,,,,,,,29,18,Vrouw,Rechts,
,xotask,4,0,training,mediumSC,easy,,,551,['n'],1,right,none,-99,-99,5,,,,,,,,,29,18,Vrouw,Rechts,
,xotask,5,0,training,mediumSC,hard,,,384,['n'],1,right,none,-99,-99,26,,,,,,,,,29,18,Vrouw,Rechts,
,xotask,6,0,training,mediumSC,average,,,585,['n'],0,left,none,-99,-99,60,,,,,,,,,29,18,Vrouw,Rechts,
,xotask,7,0,training,mediumSC,hard,,,551,['n'],0,left,none,-99,-99,50,,,,,,,,,29,18,Vrouw,Rechts,
,xotask,8,0,training,mediumSC,easy,,,518,['c'],1,left,none,-99,-99,74,,,,,,,,,29,18,Vrouw,Rechts,
,xotask,9,0,training,mediumSC,average,,,519,['n'],1,right,none,-99,-99,16,,,,,,,,,29,18,Vrouw,Rechts,
,xotask,10,0,training,mediumSC,hard,,,701,['c'],0,right,none,-99,-99,26,,,,,,,,,29,18,Vrouw,Rechts,
,xotask,11,0,training,mediumSC,hard,,,585,['c'],0,right,none,-99,-99,26,,,,,,,,,29,18,Vrouw,Rechts,
,xotask,12,0,training,mediumSC,average,,,652,['c'],1,left,none,-99,-99,61,,,,,,,,,29,18,Vrouw,Rechts,
,xotask,13,0,training,mediumSC,average,,,468,['n'],1,right,none,-99,-99,17,,,,,,,,,29,18,Vrouw,Rechts,
,xotask,14,0,training,mediumSC,easy,,,468,['n'],1,right,none,-99,-99,8,,,,,,,,,29,18,Vrouw,Rechts,
,xotask,15,0,training,mediumSC,average,,,518,['c'],0,right,none,-99,-99,15,,,,,,,,,29,18,Vrouw,Rechts,
,xotask,16,0,training,mediumSC,hard,,,584,['c'],0,right,none,-99,-99,29,,,,,,,,,29,18,Vrouw,Rechts,
,xotask,17,0,training,mediumSC,hard,,,585,['n'],1,right,none,-99,-99,26,,,,,,,,,29,18,Vrouw,Rechts,
,xotask,18,0,training,mediumSC,hard,,,418,['n'],0,left,none,-99,-99,51,,,,,,,,,29,18,Vrouw,Rechts,
,xotask,19,0,training,mediumSC,hard,,,568,['n'],1,right,none,-99,-99,27,,,,,,,,,29,18,Vrouw,Rechts,
,xotask,20,0,training,mediumSC,average,,,634,['c'],0,right,none,-99,-99,19,,,,,,,,,29,18,Vrouw,Rechts,
,xotask,21,0,training,mediumSC,easy,,,568,['n'],1,right,none,-99,-99,8,,,,,,,,,29,18,Vrouw,Rechts,
,xotask,22,0,training,mediumSC,easy,,,602,['c'],1,left,none,-99,-99,70,,,,,,,,,29,18,Vrouw,Rechts,
,xotask,23,0,training,mediumSC,average,,,620,['n'],1,right,none,-99,-99,17,,,,,,,,,29,18,Vrouw,Rechts,
,xotask,0,1,training,mediumSC,easy,,,650,['c'],1,left,none,-99,-99,70,,,,,,,,,29,18,Vrouw,Rechts,
,xotask,1,1,training,mediumSC,hard,,,702,['n'],1,right,none,-99,-99,29,,,,,,,,,29,18,Vrouw,Rechts,
,xotask,2,1,training,mediumSC,average,,,601,['c'],1,left,none,-99,-99,60,,,,,,,,,29,18,Vrouw,Rechts,
,xotask,3,1,training,mediumSC,average,,,785,['c'],0,right,none,-99,-99,18,,,,,,,,,29,18,Vrouw,Rechts,
,xotask,4,1,training,mediumSC,average,,,686,['n'],1,right,none,-99,-99,19,,,,,,,,,29,18,Vrouw,Rechts,
,xotask,5,1,training,mediumSC,hard,,,551,['n'],1,right,none,-99,-99,28,,,,,,,,,29,18,Vrouw,Rechts,
,xotask,6,1,training,mediumSC,average,,,685,['c'],1,left,none,-99,-99,60,,,,,,,,,29,18,Vrouw,Rechts,
,xotask,7,1,training,mediumSC,hard,,,819,['c'],1,left,none,-99,-99,54,,,,,,,,,29,18,Vrouw,Rechts,
,xotask,8,1,training,mediumSC,hard,,,484,['n'],1,right,none,-99,-99,27,,,,,,,,,29,18,Vrouw,Rechts,
,xotask,9,1,training,mediumSC,average,,,585,['n'],1,right,none,-99,-99,16,,,,,,,,,29,18,Vrouw,Rechts,
,xotask,10,1,training,mediumSC,easy,,,635,['c'],1,left,none,-99,-99,70,,,,,,,,,29,18,Vrouw,Rechts,
,xotask,11,1,training,mediumSC,hard,,,484,['c'],1,left,none,-99,-99,54,,,,,,,,,29,18,Vrouw,Rechts,
,xotask,12,1,training,mediumSC,average,,,735,['c'],1,left,none,-99,-99,60,,,,,,,,,29,18,Vrouw,Rechts,
,xotask,13,1,training,mediumSC,easy,,,535,['n'],1,right,none,-99,-99,9,,,,,,,,,29,18,Vrouw,Rechts,
,xotask,14,1,training,mediumSC,average,,,368,['c'],0,right,none,-99,-99,18,,,,,,,,,29,18,Vrouw,Rechts,
,xotask,15,1,training,mediumSC,hard,,,451,['c'],0,right,none,-99,-99,27,,,,,,,,,29,18,Vrouw,Rechts,
,xotask,16,1,training,mediumSC,easy,,,351,['n'],0,left,none,-99,-99,71,,,,,,,,,29,18,Vrouw,Rechts,
,xotask,17,1,training,mediumSC,easy,,,335,['n'],1,right,none,-99,-99,8,,,,,,,,,29,18,Vrouw,Rechts,
,xotask,18,1,training,mediumSC,easy,,,368,['n'],1,right,none,-99,-99,7,,,,,,,,,29,18,Vrouw,Rechts,
,xotask,19,1,training,mediumSC,average,,,434,['n'],1,right,none,-99,-99,18,,,,,,,,,29,18,Vrouw,Rechts,
,xotask,20,1,training,mediumSC,easy,,,651,['c'],1,left,none,-99,-99,72,,,,,,,,,29,18,Vrouw,Rechts,
,xotask,21,1,training,mediumSC,average,,,603,['n'],1,right,none,-99,-99,16,,,,,,,,,29,18,Vrouw,Rechts,
,xotask,22,1,training,mediumSC,average,,,585,['c'],1,left,none,-99,-99,61,,,,,,,,,29,18,Vrouw,Rechts,
,xotask,23,1,training,mediumSC,easy,,,451,['n'],1,right,none,-99,-99,5,,,,,,,,,29,18,Vrouw,Rechts,
,xotask,0,2,training,mediumSC,average,,,886,['n'],1,right,none,-99,-99,16,,,,,,,,,29,18,Vrouw,Rechts,
,xotask,1,2,training,mediumSC,average,,,519,['c'],1,left,none,-99,-99,64,,,,,,,,,29,18,Vrouw,Rechts,
,xotask,2,2,training,mediumSC,average,,,635,['c'],1,left,none,-99,-99,60,,,,,,,,,29,18,Vrouw,Rechts,
,xotask,3,2,training,mediumSC,easy,,,469,['n'],1,right,none,-99,-99,9,,,,,,,,,29,18,Vrouw,Rechts,
,xotask,4,2,training,mediumSC,easy,,,619,['c'],1,left,none,-99,-99,72,,,,,,,,,29,18,Vrouw,Rechts,
,xotask,5,2,training,mediumSC,average,,,351,['n'],1,right,none,-99,-99,18,,,,,,,,,29,18,Vrouw,Rechts,
,xotask,6,2,training,mediumSC,easy,,,569,['c'],1,left,none,-99,-99,72,,,,,,,,,29,18,Vrouw,Rechts,
,xotask,7,2,training,mediumSC,average,,,618,['c'],1,left,none,-99,-99,61,,,,,,,,,29,18,Vrouw,Rechts,
,xotask,8,2,training,mediumSC,easy,,,335,['c'],1,left,none,-99,-99,72,,,,,,,,,29,18,Vrouw,Rechts,
,xotask,9,2,training,mediumSC,hard,,,585,['n'],1,right,none,-99,-99,26,,,,,,,,,29,18,Vrouw,Rechts,
,xotask,10,2,training,mediumSC,hard,,,385,['c'],1,left,none,-99,-99,50,,,,,,,,,29,18,Vrouw,Rechts,
,xotask,11,2,training,mediumSC,average,,,752,['n'],0,left,none,-99,-99,60,,,,,,,,,29,18,Vrouw,Rechts,
,xotask,12,2,training,mediumSC,hard,,,869,['n'],1,right,none,-99,-99,28,,,,,,,,,29,18,Vrouw,Rechts,
,xotask,13,2,training,mediumSC,hard,,,385,['n'],1,right,none,-99,-99,28,,,,,,,,,29,18,Vrouw,Rechts,
,xotask,14,2,training,mediumSC,average,,,636,['c'],1,left,none,-99,-99,61,,,,,,,,,29,18,Vrouw,Rechts,
,xotask,15,2,training,mediumSC,average,,,468,['n'],1,right,none,-99,-99,17,,,,,,,,,29,18,Vrouw,Rechts,
,xotask,16,2,training,mediumSC,easy,,,468,['c'],0,right,none,-99,-99,8,,,,,,,,,29,18,Vrouw,Rechts,
,xotask,17,2,training,mediumSC,easy,,,368,['n'],0,left,none,-99,-99,72,,,,,,,,,29,18,Vrouw,Rechts,
,xotask,18,2,training,mediumSC,easy,,,501,['n'],0,left,none,-99,-99,71,,,,,,,,,29,18,Vrouw,Rechts,
,xotask,19,2,training,mediumSC,hard,,,801,['n'],1,right,none,-99,-99,27,,,,,,,,,29,18,Vrouw,Rechts,
,xotask,20,2,training,mediumSC,hard,,,434,['n'],0,left,none,-99,-99,50,,,,,,,,,29,18,Vrouw,Rechts,
,xotask,21,2,training,mediumSC,hard,,,768,['c'],1,left,none,-99,-99,54,,,,,,,,,29,18,Vrouw,Rechts,
,xotask,22,2,training,mediumSC,average,,,451,['c'],0,right,none,-99,-99,17,,,,,,,,,29,18,Vrouw,Rechts,
,xotask,23,2,training,mediumSC,hard,,,702,['n'],0,left,none,-99,-99,50,,,,,,,,,29,18,Vrouw,Rechts,
,xotask,0,3,training,mediumSC,average,,,985,['n'],1,right,none,-99,-99,16,,,,,,,,,29,18,Vrouw,Rechts,
,xotask,1,3,training,mediumSC,easy,,,368,['n'],1,right,none,-99,-99,7,,,,,,,,,29,18,Vrouw,Rechts,
,xotask,2,3,training,mediumSC,easy,,,368,['n'],0,left,none,-99,-99,71,,,,,,,,,29,18,Vrouw,Rechts,
,xotask,3,3,training,mediumSC,hard,,,5106,['c'],1,left,none,-99,-99,54,,,,,,,,,29,18,Vrouw,Rechts,
,xotask,4,3,training,mediumSC,hard,,,853,['c'],1,left,none,-99,-99,51,,,,,,,,,29,18,Vrouw,Rechts,
,xotask,5,3,training,mediumSC,hard,,,468,['c'],0,right,none,-99,-99,27,,,,,,,,,29,18,Vrouw,Rechts,
,xotask,6,3,training,mediumSC,easy,,,384,['n'],1,right,none,-99,-99,5,,,,,,,,,29,18,Vrouw,Rechts,
,xotask,7,3,training,mediumSC,easy,,,452,['n'],0,left,none,-99,-99,72,,,,,,,,,29,18,Vrouw,Rechts,
,xotask,8,3,training,mediumSC,hard,,,652,['n'],1,right,none,-99,-99,25,,,,,,,,,29,18,Vrouw,Rechts,
,xotask,9,3,training,mediumSC,average,,,602,['c'],1,left,none,-99,-99,61,,,,,,,,,29,18,Vrouw,Rechts,
,xotask,10,3,training,mediumSC,hard,,,701,['c'],1,left,none,-99,-99,52,,,,,,,,,29,18,Vrouw,Rechts,
,xotask,11,3,training,mediumSC,hard,,,702,['n'],1,right,none,-99,-99,28,,,,,,,,,29,18,Vrouw,Rechts,
,xotask,12,3,training,mediumSC,hard,,,869,['c'],1,left,none,-99,-99,53,,,,,,,,,29,18,Vrouw,Rechts,
,xotask,13,3,training,mediumSC,easy,,,1134,['n'],1,right,none,-99,-99,9,,,,,,,,,29,18,Vrouw,Rechts,
,xotask,14,3,training,mediumSC,easy,,,418,['c'],0,right,none,-99,-99,9,,,,,,,,,29,18,Vrouw,Rechts,
,xotask,15,3,training,mediumSC,average,,,351,['n'],1,right,none,-99,-99,16,,,,,,,,,29,18,Vrouw,Rechts,
,xotask,16,3,training,mediumSC,easy,,,351,['n'],0,left,none,-99,-99,74,,,,,,,,,29,18,Vrouw,Rechts,
,xotask,17,3,training,mediumSC,hard,,,435,['n'],1,right,none,-99,-99,25,,,,,,,,,29,18,Vrouw,Rechts,
,xotask,18,3,training,mediumSC,easy,,,469,['n'],1,right,none,-99,-99,5,,,,,,,,,29,18,Vrouw,Rechts,
,xotask,19,3,training,mediumSC,hard,,,485,['c'],1,left,none,-99,-99,51,,,,,,,,,29,18,Vrouw,Rechts,
,xotask,20,3,training,mediumSC,easy,,,468,['n'],1,right,none,-99,-99,5,,,,,,,,,29,18,Vrouw,Rechts,
,xotask,21,3,training,mediumSC,average,,,451,['c'],1,left,none,-99,-99,64,,,,,,,,,29,18,Vrouw,Rechts,
,xotask,22,3,training,mediumSC,average,,,635,['c'],1,left,none,-99,-99,61,,,,,,,,,29,18,Vrouw,Rechts,
,xotask,23,3,training,mediumSC,easy,,,401,['c'],1,left,none,-99,-99,73,,,,,,,,,29,18,Vrouw,Rechts,
,xotask,0,4,training,mediumSC,hard,,,352,['n'],1,right,none,-99,-99,25,,,,,,,,,29,18,Vrouw,Rechts,
,xotask,1,4,training,mediumSC,average,,,451,['n'],1,right,none,-99,-99,15,,,,,,,,,29,18,Vrouw,Rechts,
,xotask,2,4,training,mediumSC,hard,,,551,['c'],1,left,none,-99,-99,50,,,,,,,,,29,18,Vrouw,Rechts,
,xotask,3,4,training,mediumSC,easy,,,484,['c'],1,left,none,-99,-99,74,,,,,,,,,29,18,Vrouw,Rechts,
,xotask,4,4,training,mediumSC,easy,,,452,['n'],1,right,none,-99,-99,8,,,,,,,,,29,18,Vrouw,Rechts,
,xotask,5,4,training,mediumSC,average,,,302,['c'],1,left,none,-99,-99,64,,,,,,,,,29,18,Vrouw,Rechts,
,xotask,6,4,training,mediumSC,average,,,418,['n'],0,left,none,-99,-99,64,,,,,,,,,29,18,Vrouw,Rechts,
,xotask,7,4,training,mediumSC,easy,,,435,['c'],1,left,none,-99,-99,74,,,,,,,,,29,18,Vrouw,Rechts,
,xotask,8,4,training,mediumSC,hard,,,336,['c'],1,left,none,-99,-99,52,,,,,,,,,29,18,Vrouw,Rechts,
,xotask,9,4,training,mediumSC,easy,,,351,['c'],0,right,none,-99,-99,9,,,,,,,,,29,18,Vrouw,Rechts,
,xotask,10,4,training,mediumSC,easy,,,384,['n'],0,left,none,-99,-99,70,,,,,,,,,29,18,Vrouw,Rechts,
,xotask,11,4,training,mediumSC,easy,,,602,['n'],1,right,none,-99,-99,9,,,,,,,,,29,18,Vrouw,Rechts,
,xotask,12,4,training,mediumSC,easy,,,635,['n'],1,right,none,-99,-99,7,,,,,,,,,29,18,Vrouw,Rechts,
,xotask,13,4,training,mediumSC,average,,,502,['c'],1,left,none,-99,-99,61,,,,,,,,,29,18,Vrouw,Rechts,
,xotask,14,4,training,mediumSC,easy,,,485,['n'],1,right,none,-99,-99,6,,,,,,,,,29,18,Vrouw,Rechts,
,xotask,15,4,training,mediumSC,hard,,,418,['c'],1,left,none,-99,-99,52,,,,,,,,,29,18,Vrouw,Rechts,
,xotask,16,4,training,mediumSC,average,,,418,['c'],0,right,none,-99,-99,17,,,,,,,,,29,18,Vrouw,Rechts,
,xotask,17,4,training,mediumSC,hard,,,468,['c'],0,right,none,-99,-99,25,,,,,,,,,29,18,Vrouw,Rechts,
,xotask,18,4,training,mediumSC,average,,,535,['c'],1,left,none,-99,-99,61,,,,,,,,,29,18,Vrouw,Rechts,
,xotask,19,4,training,mediumSC,easy,,,451,['n'],0,left,none,-99,-99,70,,,,,,,,,29,18,Vrouw,Rechts,
,xotask,20,4,training,mediumSC,easy,,,352,['n'],1,right,none,-99,-99,8,,,,,,,,,29,18,Vrouw,Rechts,
,xotask,21,4,training,mediumSC,average,,,484,['n'],1,right,none,-99,-99,19,,,,,,,,,29,18,Vrouw,Rechts,
,xotask,22,4,training,mediumSC,easy,,,369,['c'],1,left,none,-99,-99,72,,,,,,,,,29,18,Vrouw,Rechts,
,xotask,23,4,training,mediumSC,easy,,,401,['n'],0,left,none,-99,-99,74,,,,,,,,,29,18,Vrouw,Rechts,
,xotask,0,5,main,mediumSC,average,,,718,['n'],1,right,['8'],4,378,18,,,,,,,,,29,18,Vrouw,Rechts,
,xotask,1,5,main,mediumSC,easy,,,618,['n'],1,right,['9'],5,77,7,,,,,,,,,29,18,Vrouw,Rechts,
,xotask,2,5,main,mediumSC,average,,,502,['c'],0,right,['3'],3,273,18,,,,,,,,,29,18,Vrouw,Rechts,
,xotask,3,5,main,mediumSC,hard,,,468,['n'],0,left,['2'],2,254,50,,,,,,,,,29,18,Vrouw,Rechts,
,xotask,4,5,main,mediumSC,easy,,,569,['n'],1,right,['9'],5,40,8,,,,,,,,,29,18,Vrouw,Rechts,
,xotask,5,5,main,mediumSC,hard,,,951,['c'],1,left,['8'],4,523,52,,,,,,,,,29,18,Vrouw,Rechts,
,xotask,6,5,main,mediumSC,hard,,,568,['n'],1,right,['8'],4,314,29,,,,,,,,,29,18,Vrouw,Rechts,
,xotask,7,5,main,mediumSC,easy,,,619,['c'],1,left,['9'],5,191,73,,,,,,,,,29,18,Vrouw,Rechts,
,xotask,8,5,main,mediumSC,hard,,,985,['c'],0,right,['8'],4,251,26,,,,,,,,,29,18,Vrouw,Rechts,
,xotask,9,5,main,mediumSC,easy,,,1019,['c'],0,right,['3'],3,162,8,,,,,,,,,29,18,Vrouw,Rechts,
,xotask,10,5,main,mediumSC,easy,,,986,['c'],1,left,['9'],5,254,73,,,,,,,,,29,18,Vrouw,Rechts,
,xotask,11,5,main,mediumSC,average,,,652,['n'],1,right,['8'],4,117,18,,,,,,,,,29,18,Vrouw,Rechts,
,xotask,12,5,main,mediumSC,easy,,,885,['n'],1,right,['9'],5,247,7,,,,,,,,,29,18,Vrouw,Rechts,
,xotask,13,5,main,mediumSC,easy,,,568,['c'],1,left,['9'],5,145,72,,,,,,,,,29,18,Vrouw,Rechts,
,xotask,14,5,main,mediumSC,easy,,,534,['n'],1,right,['0'],6,48,5,,,,,,,,,29,18,Vrouw,Rechts,
,xotask,15,5,main,mediumSC,hard,,,585,['c'],1,left,['8'],4,354,51,,,,,,,,,29,18,Vrouw,Rechts,
,xotask,16,5,main,mediumSC,easy,,,636,['c'],1,left,['9'],5,53,70,,,,,,,,,29,18,Vrouw,Rechts,
,xotask,17,5,main,mediumSC,average,,,801,['c'],1,left,['9'],5,237,61,,,,,,,,,29,18,Vrouw,Rechts,
,xotask,18,5,main,mediumSC,hard,,,1286,['c'],1,left,['3'],3,458,50,,,,,,,,,29,18,Vrouw,Rechts,
,xotask,19,5,main,mediumSC,average,,,618,['n'],1,right,['8'],4,362,18,,,,,,,,,29,18,Vrouw,Rechts,
,xotask,20,5,main,mediumSC,average,,,1319,['n'],0,left,['3'],3,416,64,,,,,,,,,29,18,Vrouw,Rechts,
,xotask,21,5,main,mediumSC,hard,,,635,['n'],1,right,['8'],4,320,28,,,,,,,,,29,18,Vrouw,Rechts,
,xotask,22,5,main,mediumSC,average,,,451,['c'],0,right,['3'],3,237,15,,,,,,,,,29,18,Vrouw,Rechts,
,xotask,23,5,main,mediumSC,average,,,501,['c'],1,left,['9'],5,41,62,,,,,,,,,29,18,Vrouw,Rechts,
,xotask,24,5,main,mediumSC,hard,,,818,['c'],1,left,['8'],4,610,54,,,,,,,,,29,18,Vrouw,Rechts,
,xotask,25,5,main,mediumSC,average,,,401,['n'],1,right,['8'],4,228,17,,,,,,,,,29,18,Vrouw,Rechts,
,xotask,26,5,main,mediumSC,average,,,618,['n'],1,right,['8'],4,173,18,,,,,,,,,29,18,Vrouw,Rechts,
,xotask,27,5,main,mediumSC,hard,,,668,['c'],1,left,['8'],4,118,53,,,,,,,,,29,18,Vrouw,Rechts,
,xotask,28,5,main,mediumSC,hard,,,618,['c'],1,left,['8'],4,803,53,,,,,,,,,29,18,Vrouw,Rechts,
,xotask,29,5,main,mediumSC,hard,,,451,['n'],0,left,['3'],3,283,52,,,,,,,,,29,18,Vrouw,Rechts,
,xotask,30,5,main,mediumSC,average,,,518,['c'],0,right,['3'],3,134,18,,,,,,,,,29,18,Vrouw,Rechts,
,xotask,31,5,main,mediumSC,average,,,585,['c'],1,left,['8'],4,164,60,,,,,,,,,29,18,Vrouw,Rechts,
,xotask,32,5,main,mediumSC,easy,,,435,['n'],1,right,['9'],5,246,6,,,,,,,,,29,18,Vrouw,Rechts,
,xotask,33,5,main,mediumSC,easy,,,568,['c'],1,left,['9'],5,177,70,,,,,,,,,29,18,Vrouw,Rechts,
,xotask,34,5,main,mediumSC,average,,,568,['n'],1,right,['9'],5,93,15,,,,,,,,,29,18,Vrouw,Rechts,
,xotask,35,5,main,mediumSC,easy,,,519,['n'],1,right,['9'],5,144,9,,,,,,,,,29,18,Vrouw,Rechts,
,xotask,36,5,main,mediumSC,easy,,,868,['n'],1,right,['9'],5,210,9,,,,,,,,,29,18,Vrouw,Rechts,
,xotask,37,5,main,mediumSC,hard,,,518,['c'],1,left,['9'],5,240,53,,,,,,,,,29,18,Vrouw,Rechts,
,xotask,38,5,main,mediumSC,average,,,468,['n'],1,right,['8'],4,287,19,,,,,,,,,29,18,Vrouw,Rechts,
,xotask,39,5,main,mediumSC,hard,,,435,['n'],1,right,['9'],5,45,26,,,,,,,,,29,18,Vrouw,Rechts,
,xotask,40,5,main,mediumSC,easy,,,585,['n'],1,right,['0'],6,254,5,,,,,,,,,29,18,Vrouw,Rechts,
,xotask,41,5,main,mediumSC,average,,,635,['c'],1,left,['0'],6,2597,64,,,,,,,,,29,18,Vrouw,Rechts,
,xotask,42,5,main,mediumSC,average,,,652,['c'],0,right,['3'],3,284,19,,,,,,,,,29,18,Vrouw,Rechts,
,xotask,43,5,main,mediumSC,easy,,,418,['n'],0,left,['3'],3,330,73,,,,,,,,,29,18,Vrouw,Rechts,
,xotask,44,5,main,mediumSC,hard,,,685,['c'],0,right,['8'],4,300,27,,,,,,,,,29,18,Vrouw,Rechts,
,xotask,45,5,main,mediumSC,hard,,,618,['n'],1,right,['8'],4,34,26,,,,,,,,,29,18,Vrouw,Rechts,
,xotask,46,5,main,mediumSC,average,,,1452,['c'],1,left,['8'],4,544,61,,,,,,,,,29,18,Vrouw,Rechts,
,xotask,47,5,main,mediumSC,hard,,,852,['n'],0,left,['8'],4,355,52,,,,,,,,,29,18,Vrouw,Rechts,
,xotask,48,5,main,mediumSC,hard,,,486,['c'],0,right,['8'],4,44,26,,,,,,,,,29,18,Vrouw,Rechts,
,xotask,49,5,main,mediumSC,hard,,,519,['c'],0,right,['8'],4,673,29,,,,,,,,,29,18,Vrouw,Rechts,
,xotask,50,5,main,mediumSC,average,,,735,['c'],1,left,['8'],4,339,62,,,,,,,,,29,18,Vrouw,Rechts,
,xotask,51,5,main,mediumSC,hard,,,502,['n'],1,right,['8'],4,44,28,,,,,,,,,29,18,Vrouw,Rechts,
,xotask,52,5,main,mediumSC,average,,,552,['n'],0,left,['3'],3,143,61,,,,,,,,,29,18,Vrouw,Rechts,
,xotask,53,5,main,mediumSC,average,,,618,['c'],1,left,['8'],4,172,63,,,,,,,,,29,18,Vrouw,Rechts,
,xotask,54,5,main,mediumSC,hard,,,770,['n'],1,right,['8'],4,289,25,,,,,,,,,29,18,Vrouw,Rechts,
,xotask,55,5,main,mediumSC,easy,,,568,['n'],0,left,['3'],3,9,72,,,,,,,,,29,18,Vrouw,Rechts,
,xotask,56,5,main,mediumSC,average,,,618,['c'],0,right,['3'],3,331,16,,,,,,,,,29,18,Vrouw,Rechts,
,xotask,57,5,main,mediumSC,easy,,,602,['n'],1,right,['8'],4,256,6,,,,,,,,,29,18,Vrouw,Rechts,
,xotask,58,5,main,mediumSC,easy,,,1202,['c'],1,left,['9'],5,208,74,,,,,,,,,29,18,Vrouw,Rechts,
,xotask,59,5,main,mediumSC,easy,,,552,['n'],0,left,['9'],5,269,72,,,,,,,,,29,18,Vrouw,Rechts,
,xotask,60,5,main,mediumSC,easy,,,652,['c'],1,left,['9'],5,274,71,,,,,,,,,29,18,Vrouw,Rechts,
,xotask,61,5,main,mediumSC,hard,,,585,['c'],1,left,['9'],5,171,53,,,,,,,,,29,18,Vrouw,Rechts,
,xotask,62,5,main,mediumSC,easy,,,567,['c'],0,right,['3'],3,264,9,,,,,,,,,29,18,Vrouw,Rechts,
,xotask,63,5,main,mediumSC,easy,,,651,['c'],1,left,['9'],5,222,72,,,,,,,,,29,18,Vrouw,Rechts,
,xotask,64,5,main,mediumSC,hard,,,836,['c'],0,right,['9'],5,206,28,,,,,,,,,29,18,Vrouw,Rechts,
,xotask,65,5,main,mediumSC,average,,,736,['c'],1,left,['9'],5,227,60,,,,,,,,,29,18,Vrouw,Rechts,
,xotask,66,5,main,mediumSC,hard,,,601,['c'],0,right,['8'],4,301,28,,,,,,,,,29,18,Vrouw,Rechts,
,xotask,67,5,main,mediumSC,easy,,,836,['n'],1,right,['9'],5,250,9,,,,,,,,,29,18,Vrouw,Rechts,
,xotask,68,5,main,mediumSC,average,,,669,['c'],1,left,['8'],4,223,61,,,,,,,,,29,18,Vrouw,Rechts,
,xotask,69,5,main,mediumSC,easy,,,669,['c'],1,left,['9'],5,231,74,,,,,,,,,29,18,Vrouw,Rechts,
,xotask,70,5,main,mediumSC,average,,,636,['c'],1,left,['8'],4,158,62,,,,,,,,,29,18,Vrouw,Rechts,
,xotask,71,5,main,mediumSC,hard,,,569,['c'],1,left,['8'],4,268,52,,,,,,,,,29,18,Vrouw,Rechts,
,xotask,0,6,main,mediumSC,average,,,652,['n'],1,right,['8'],4,320,16,,,,,,,,,29,18,Vrouw,Rechts,
,xotask,1,6,main,mediumSC,easy,,,485,['c'],1,left,['9'],5,219,73,,,,,,,,,29,18,Vrouw,Rechts,
,xotask,2,6,main,mediumSC,easy,,,701,['c'],1,left,['9'],5,432,72,,,,,,,,,29,18,Vrouw,Rechts,
,xotask,3,6,main,mediumSC,easy,,,617,['c'],1,left,['9'],5,209,71,,,,,,,,,29,18,Vrouw,Rechts,
,xotask,4,6,main,mediumSC,hard,,,485,['c'],0,right,['8'],4,480,26,,,,,,,,,29,18,Vrouw,Rechts,
,xotask,5,6,main,mediumSC,easy,,,452,['n'],1,right,['9'],5,197,7,,,,,,,,,29,18,Vrouw,Rechts,
,xotask,6,6,main,mediumSC,average,,,486,['c'],0,right,['9'],5,228,17,,,,,,,,,29,18,Vrouw,Rechts,
,xotask,7,6,main,mediumSC,easy,,,402,['c'],1,left,['0'],6,118,71,,,,,,,,,29,18,Vrouw,Rechts,
,xotask,8,6,main,mediumSC,hard,,,485,['c'],1,left,['8'],4,281,52,,,,,,,,,29,18,Vrouw,Rechts,
,xotask,9,6,main,mediumSC,hard,,,435,['c'],1,left,['8'],4,279,52,,,,,,,,,29,18,Vrouw,Rechts,
,xotask,10,6,main,mediumSC,easy,,,651,['n'],1,right,['8'],4,316,7,,,,,,,,,29,18,Vrouw,Rechts,
,xotask,11,6,main,mediumSC,easy,,,419,['n'],1,right,['0'],6,201,9,,,,,,,,,29,18,Vrouw,Rechts,
,xotask,12,6,main,mediumSC,average,,,668,['c'],1,left,['0'],6,513,61,,,,,,,,,29,18,Vrouw,Rechts,
,xotask,13,6,main,mediumSC,average,,,552,['n'],0,left,['3'],3,160,60,,,,,,,,,29,18,Vrouw,Rechts,
,xotask,14,6,main,mediumSC,average,,,552,['c'],1,left,['9'],5,703,63,,,,,,,,,29,18,Vrouw,Rechts,
,xotask,15,6,main,mediumSC,easy,,,2938,['c'],1,left,['8'],4,213,73,,,,,,,,,29,18,Vrouw,Rechts,
,xotask,16,6,main,mediumSC,easy,,,585,['n'],1,right,['9'],5,208,9,,,,,,,,,29,18,Vrouw,Rechts,
,xotask,17,6,main,mediumSC,hard,,,452,['c'],0,right,['3'],3,177,25,,,,,,,,,29,18,Vrouw,Rechts,
,xotask,18,6,main,mediumSC,hard,,,501,['n'],1,right,['8'],4,240,27,,,,,,,,,29,18,Vrouw,Rechts,
,xotask,19,6,main,mediumSC,average,,,718,['n'],0,left,['8'],4,197,63,,,,,,,,,29,18,Vrouw,Rechts,
,xotask,20,6,main,mediumSC,hard,,,584,['n'],1,right,['3'],3,176,26,,,,,,,,,29,18,Vrouw,Rechts,
,xotask,21,6,main,mediumSC,hard,,,735,['n'],0,left,['3'],3,246,52,,,,,,,,,29,18,Vrouw,Rechts,
,xotask,22,6,main,mediumSC,hard,,,535,['n'],1,right,['8'],4,34,26,,,,,,,,,29,18,Vrouw,Rechts,
,xotask,23,6,main,mediumSC,hard,,,617,['n'],1,right,['3'],3,162,27,,,,,,,,,29,18,Vrouw,Rechts,
,xotask,24,6,main,mediumSC,hard,,,568,['n'],0,left,['9'],5,159,50,,,,,,,,,29,18,Vrouw,Rechts,
,xotask,25,6,main,mediumSC,hard,,,569,['n'],1,right,['8'],4,509,26,,,,,,,,,29,18,Vrouw,Rechts,
,xotask,26,6,main,mediumSC,easy,,,552,['n'],0,left,['8'],4,477,71,,,,,,,,,29,18,Vrouw,Rechts,
,xotask,27,6,main,mediumSC,hard,,,1085,['c'],1,left,['9'],5,329,54,,,,,,,,,29,18,Vrouw,Rechts,
,xotask,28,6,main,mediumSC,easy,,,902,['n'],1,right,['0'],6,1826,6,,,,,,,,,29,18,Vrouw,Rechts,
,xotask,29,6,main,mediumSC,easy,,,569,['c'],0,right,['2'],2,252,6,,,,,,,,,29,18,Vrouw,Rechts,
,xotask,30,6,main,mediumSC,average,,,1136,['n'],1,right,['9'],5,270,17,,,,,,,,,29,18,Vrouw,Rechts,
,xotask,31,6,main,mediumSC,easy,,,603,['c'],1,left,['9'],5,198,74,,,,,,,,,29,18,Vrouw,Rechts,
,xotask,32,6,main,mediumSC,hard,,,535,['c'],0,right,['8'],4,259,26,,,,,,,,,29,18,Vrouw,Rechts,
,xotask,33,6,main,mediumSC,average,,,769,['c'],1,left,['9'],5,213,64,,,,,,,,,29,18,Vrouw,Rechts,
,xotask,34,6,main,mediumSC,average,,,418,['n'],1,right,['9'],5,214,17,,,,,,,,,29,18,Vrouw,Rechts,
,xotask,35,6,main,mediumSC,average,,,569,['n'],0,left,['2'],2,226,63,,,,,,,,,29,18,Vrouw,Rechts,
,xotask,36,6,main,mediumSC,hard,,,702,['n'],1,right,['8'],4,263,26,,,,,,,,,29,18,Vrouw,Rechts,
,xotask,37,6,main,mediumSC,hard,,,402,['c'],1,left,['9'],5,3719,52,,,,,,,,,29,18,Vrouw,Rechts,
,xotask,38,6,main,mediumSC,hard,,,902,['c'],1,left,['9'],5,309,53,,,,,,,,,29,18,Vrouw,Rechts,
,xotask,39,6,main,mediumSC,hard,,,653,['n'],0,left,['9'],5,234,51,,,,,,,,,29,18,Vrouw,Rechts,
,xotask,40,6,main,mediumSC,hard,,,618,['c'],1,left,['9'],5,322,51,,,,,,,,,29,18,Vrouw,Rechts,
,xotask,41,6,main,mediumSC,average,,,568,['c'],0,right,['2'],2,281,19,,,,,,,,,29,18,Vrouw,Rechts,
,xotask,42,6,main,mediumSC,hard,,,902,['n'],1,right,['8'],4,228,29,,,,,,,,,29,18,Vrouw,Rechts,
,xotask,43,6,main,mediumSC,easy,,,819,['c'],0,right,['2'],2,229,5,,,,,,,,,29,18,Vrouw,Rechts,
,xotask,44,6,main,mediumSC,easy,,,619,['n'],1,right,['9'],5,13,7,,,,,,,,,29,18,Vrouw,Rechts,
,xotask,45,6,main,mediumSC,average,,,719,['c'],1,left,['0'],6,186,63,,,,,,,,,29,18,Vrouw,Rechts,
,xotask,46,6,main,mediumSC,hard,,,552,['n'],1,right,['8'],4,104,26,,,,,,,,,29,18,Vrouw,Rechts,
,xotask,47,6,main,mediumSC,average,,,634,['n'],1,right,['9'],5,85,16,,,,,,,,,29,18,Vrouw,Rechts,
,xotask,48,6,main,mediumSC,hard,,,486,['c'],1,left,['9'],5,25,51,,,,,,,,,29,18,Vrouw,Rechts,
,xotask,49,6,main,mediumSC,average,,,651,['c'],0,right,['2'],2,281,15,,,,,,,,,29,18,Vrouw,Rechts,
,xotask,50,6,main,mediumSC,average,,,685,['n'],0,left,['2'],2,252,64,,,,,,,,,29,18,Vrouw,Rechts,
,xotask,51,6,main,mediumSC,hard,,,719,['n'],1,right,['8'],4,400,26,,,,,,,,,29,18,Vrouw,Rechts,
,xotask,52,6,main,mediumSC,easy,,,701,['n'],1,right,['8'],4,574,6,,,,,,,,,29,18,Vrouw,Rechts,
,xotask,53,6,main,mediumSC,easy,,,519,['c'],1,left,['9'],5,237,70,,,,,,,,,29,18,Vrouw,Rechts,
,xotask,54,6,main,mediumSC,hard,,,585,['n'],0,left,['9'],5,279,50,,,,,,,,,29,18,Vrouw,Rechts,
,xotask,55,6,main,mediumSC,easy,,,768,['n'],1,right,['0'],6,199,5,,,,,,,,,29,18,Vrouw,Rechts,
,xotask,56,6,main,mediumSC,easy,,,802,['n'],1,right,['0'],6,250,6,,,,,,,,,29,18,Vrouw,Rechts,
,xotask,57,6,main,mediumSC,average,,,835,['n'],1,right,['0'],6,297,19,,,,,,,,,29,18,Vrouw,Rechts,
,xotask,58,6,main,mediumSC,average,,,567,['c'],1,left,['8'],4,208,60,,,,,,,,,29,18,Vrouw,Rechts,
,xotask,59,6,main,mediumSC,hard,,,618,['n'],0,left,['9'],5,202,51,,,,,,,,,29,18,Vrouw,Rechts,
,xotask,60,6,main,mediumSC,easy,,,652,['c'],1,left,['9'],5,387,73,,,,,,,,,29,18,Vrouw,Rechts,
,xotask,61,6,main,mediumSC,average,,,1052,['c'],0,right,['8'],4,595,18,,,,,,,,,29,18,Vrouw,Rechts,
,xotask,62,6,main,mediumSC,easy,,,669,['n'],0,left,['3'],3,2731,70,,,,,,,,,29,18,Vrouw,Rechts,
,xotask,63,6,main,mediumSC,easy,,,685,['c'],1,left,['9'],5,266,71,,,,,,,,,29,18,Vrouw,Rechts,
,xotask,64,6,main,mediumSC,average,,,569,['c'],1,left,['9'],5,211,61,,,,,,,,,29,18,Vrouw,Rechts,
,xotask,65,6,main,mediumSC,easy,,,552,['c'],1,left,['9'],5,303,70,,,,,,,,,29,18,Vrouw,Rechts,
,xotask,66,6,main,mediumSC,average,,,718,['n'],1,right,['9'],5,177,16,,,,,,,,,29,18,Vrouw,Rechts,
,xotask,67,6,main,mediumSC,average,,,668,['c'],1,left,['8'],4,266,60,,,,,,,,,29,18,Vrouw,Rechts,
,xotask,68,6,main,mediumSC,average,,,952,['n'],1,right,['9'],5,227,15,,,,,,,,,29,18,Vrouw,Rechts,
,xotask,69,6,main,mediumSC,average,,,552,['n'],1,right,['9'],5,239,15,,,,,,,,,29,18,Vrouw,Rechts,
,xotask,70,6,main,mediumSC,easy,,,602,['n'],1,right,['9'],5,249,8,,,,,,,,,29,18,Vrouw,Rechts,
,xotask,71,6,main,mediumSC,average,,,718,['c'],1,left,['9'],5,460,64,,,,,,,,,29,18,Vrouw,Rechts,
,xotask,0,7,main,mediumSC,average,,,568,['c'],0,right,['8'],4,287,17,,,,,,,,,29,18,Vrouw,Rechts,
,xotask,1,7,main,mediumSC,average,,,618,['c'],0,right,['8'],4,230,16,,,,,,,,,29,18,Vrouw,Rechts,
,xotask,2,7,main,mediumSC,easy,,,618,['c'],0,right,['8'],4,206,9,,,,,,,,,29,18,Vrouw,Rechts,
,xotask,3,7,main,mediumSC,easy,,,418,['n'],0,left,['3'],3,80,74,,,,,,,,,29,18,Vrouw,Rechts,
,xotask,4,7,main,mediumSC,average,,,533,['c'],1,left,['8'],4,258,64,,,,,,,,,29,18,Vrouw,Rechts,
,xotask,5,7,main,mediumSC,hard,,,602,['c'],1,left,['8'],4,282,53,,,,,,,,,29,18,Vrouw,Rechts,
,xotask,6,7,main,mediumSC,hard,,,402,['n'],1,right,['8'],4,122,27,,,,,,,,,29,18,Vrouw,Rechts,
,xotask,7,7,main,mediumSC,average,,,367,['c'],1,left,['8'],4,161,62,,,,,,,,,29,18,Vrouw,Rechts,
,xotask,8,7,main,mediumSC,hard,,,368,['c'],0,right,['8'],4,263,26,,,,,,,,,29,18,Vrouw,Rechts,
,xotask,9,7,main,mediumSC,easy,,,335,['n'],1,right,['8'],4,330,9,,,,,,,,,29,18,Vrouw,Rechts,
,xotask,10,7,main,mediumSC,hard,,,352,['c'],1,left,['8'],4,409,54,,,,,,,,,29,18,Vrouw,Rechts,
,xotask,11,7,main,mediumSC,average,,,132,['n'],1,right,['8'],4,236,16,,,,,,,,,29,18,Vrouw,Rechts,
,xotask,12,7,main,mediumSC,hard,,,335,['c'],1,left,['9'],5,224,53,,,,,,,,,29,18,Vrouw,Rechts,
,xotask,13,7,main,mediumSC,average,,,285,['n'],1,right,['9'],5,151,15,,,,,,,,,29,18,Vrouw,Rechts,
,xotask,14,7,main,mediumSC,hard,,,501,['c'],1,left,['9'],5,87,52,,,,,,,,,29,18,Vrouw,Rechts,
,xotask,15,7,main,mediumSC,easy,,,368,['n'],0,left,['2'],2,64,70,,,,,,,,,29,18,Vrouw,Rechts,
,xotask,16,7,main,mediumSC,easy,,,250,['c'],1,left,['8'],4,239,71,,,,,,,,,29,18,Vrouw,Rechts,
,xotask,17,7,main,mediumSC,average,,,319,['n'],1,right,['8'],4,19,15,,,,,,,,,29,18,Vrouw,Rechts,
,xotask,18,7,main,mediumSC,hard,,,335,['c'],0,right,['8'],4,272,26,,,,,,,,,29,18,Vrouw,Rechts,
,xotask,19,7,main,mediumSC,easy,,,319,['n'],1,right,['9'],5,244,6,,,,,,,,,29,18,Vrouw,Rechts,
,xotask,20,7,main,mediumSC,hard,,,117,['c'],0,right,['9'],5,269,28,,,,,,,,,29,18,Vrouw,Rechts,
,xotask,21,7,main,mediumSC,hard,,,368,['c'],1,left,['8'],4,286,54,,,,,,,,,29,18,Vrouw,Rechts,
,xotask,22,7,main,mediumSC,hard,,,334,['c'],1,left,['8'],4,128,51,,,,,,,,,29,18,Vrouw,Rechts,
,xotask,23,7,main,mediumSC,easy,,,268,['n'],0,left,['2'],2,219,74,,,,,,,,,29,18,Vrouw,Rechts,
,xotask,24,7,main,mediumSC,hard,,,335,['c'],1,left,['8'],4,304,50,,,,,,,,,29,18,Vrouw,Rechts,
,xotask,25,7,main,mediumSC,easy,,,351,['n'],1,right,['9'],5,161,7,,,,,,,,,29,18,Vrouw,Rechts,
,xotask,26,7,main,mediumSC,average,,,285,['n'],0,left,['2'],2,234,60,,,,,,,,,29,18,Vrouw,Rechts,
,xotask,27,7,main,mediumSC,easy,,,586,['c'],0,right,['2'],2,244,7,,,,,,,,,29,18,Vrouw,Rechts,
,xotask,28,7,main,mediumSC,hard,,,402,['n'],1,right,['8'],4,21,26,,,,,,,,,29,18,Vrouw,Rechts,
,xotask,29,7,main,mediumSC,average,,,485,['c'],1,left,['8'],4,252,64,,,,,,,,,29,18,Vrouw,Rechts,
,xotask,30,7,main,mediumSC,hard,,,518,['c'],0,right,['8'],4,184,26,,,,,,,,,29,18,Vrouw,Rechts,
,xotask,31,7,main,mediumSC,easy,,,469,['c'],0,right,['2'],2,377,5,,,,,,,,,29,18,Vrouw,Rechts,
,xotask,32,7,main,mediumSC,hard,,,1853,['n'],1,right,['8'],4,297,29,,,,,,,,,29,18,Vrouw,Rechts,
,xotask,33,7,main,mediumSC,average,,,417,['c'],0,right,['2'],2,263,17,,,,,,,,,29,18,Vrouw,Rechts,
,xotask,34,7,main,mediumSC,hard,,,501,['n'],0,left,['2'],2,1459,51,,,,,,,,,29,18,Vrouw,Rechts,
,xotask,35,7,main,mediumSC,easy,,,1085,['n'],0,left,['3'],3,246,71,,,,,,,,,29,18,Vrouw,Rechts,
,xotask,36,7,main,mediumSC,average,,,719,['n'],1,right,['8'],4,442,15,,,,,,,,,29,18,Vrouw,Rechts,
,xotask,37,7,main,mediumSC,average,,,835,['n'],1,right,['8'],4,338,17,,,,,,,,,29,18,Vrouw,Rechts,
,xotask,38,7,main,mediumSC,hard,,,1336,['c'],1,left,['8'],4,280,54,,,,,,,,,29,18,Vrouw,Rechts,
,xotask,39,7,main,mediumSC,hard,,,584,['c'],0,right,['8'],4,416,27,,,,,,,,,29,18,Vrouw,Rechts,
,xotask,40,7,main,mediumSC,easy,,,701,['c'],1,left,['8'],4,238,70,,,,,,,,,29,18,Vrouw,Rechts,
,xotask,41,7,main,mediumSC,easy,,,635,['c'],1,left,['8'],4,245,71,,,,,,,,,29,18,Vrouw,Rechts,
,xotask,42,7,main,mediumSC,easy,,,935,['c'],0,right,['3'],3,336,8,,,,,,,,,29,18,Vrouw,Rechts,
,xotask,43,7,main,mediumSC,average,,,668,['c'],1,left,['9'],5,274,64,,,,,,,,,29,18,Vrouw,Rechts,
,xotask,44,7,main,mediumSC,easy,,,602,['n'],1,right,['9'],5,234,8,,,,,,,,,29,18,Vrouw,Rechts,
,xotask,45,7,main,mediumSC,average,,,969,['c'],1,left,['9'],5,292,63,,,,,,,,,29,18,Vrouw,Rechts,
,xotask,46,7,main,mediumSC,easy,,,736,['c'],1,left,['9'],5,630,72,,,,,,,,,29,18,Vrouw,Rechts,
,xotask,47,7,main,mediumSC,hard,,,668,['c'],1,left,['9'],5,204,54,,,,,,,,,29,18,Vrouw,Rechts,
,xotask,48,7,main,mediumSC,easy,,,401,['c'],0,right,['2'],2,191,7,,,,,,,,,29,18,Vrouw,Rechts,
,xotask,49,7,main,mediumSC,easy,,,551,['n'],1,right,['0'],6,60,5,,,,,,,,,29,18,Vrouw,Rechts,
,xotask,50,7,main,mediumSC,hard,,,585,['c'],0,right,['9'],5,189,26,,,,,,,,,29,18,Vrouw,Rechts,
,xotask,51,7,main,mediumSC,average,,,518,['c'],0,right,['3'],3,300,18,,,,,,,,,29,18,Vrouw,Rechts,
,xotask,52,7,main,mediumSC,average,,,568,['n'],1,right,['9'],5,148,15,,,,,,,,,29,18,Vrouw,Rechts,
,xotask,53,7,main,mediumSC,easy,,,618,['n'],1,right,['9'],5,4623,5,,,,,,,,,29,18,Vrouw,Rechts,
,xotask,54,7,main,mediumSC,easy,,,651,['c'],1,left,['9'],5,20035,71,,,,,,,,,29,18,Vrouw,Rechts,
,xotask,55,7,main,mediumSC,hard,,,519,['c'],1,left,['8'],4,229,53,,,,,,,,,29,18,Vrouw,Rechts,
,xotask,56,7,main,mediumSC,average,,,468,['c'],1,left,['9'],5,419,64,,,,,,,,,29,18,Vrouw,Rechts,
,xotask,57,7,main,mediumSC,average,,,518,['c'],1,left,['8'],4,40,63,,,,,,,,,29,18,Vrouw,Rechts,
,xotask,58,7,main,mediumSC,average,,,552,['n'],1,right,['8'],4,43,19,,,,,,,,,29,18,Vrouw,Rechts,
,xotask,59,7,main,mediumSC,easy,,,501,['c'],1,left,['9'],5,337,74,,,,,,,,,29,18,Vrouw,Rechts,
,xotask,60,7,main,mediumSC,hard,,,551,['c'],0,right,['8'],4,344,28,,,,,,,,,29,18,Vrouw,Rechts,
,xotask,61,7,main,mediumSC,easy,,,501,['c'],1,left,['9'],5,81,73,,,,,,,,,29,18,Vrouw,Rechts,
,xotask,62,7,main,mediumSC,average,,,584,['c'],1,left,['9'],5,385,63,,,,,,,,,29,18,Vrouw,Rechts,
,xotask,63,7,main,mediumSC,average,,,418,['c'],1,left,['9'],5,268,64,,,,,,,,,29,18,Vrouw,Rechts,
,xotask,64,7,main,mediumSC,average,,,602,['n'],1,right,['9'],5,4,17,,,,,,,,,29,18,Vrouw,Rechts,
,xotask,65,7,main,mediumSC,hard,,,535,['n'],1,right,['9'],5,281,28,,,,,,,,,29,18,Vrouw,Rechts,
,xotask,66,7,main,mediumSC,easy,,,519,['n'],1,right,['9'],5,355,9,,,,,,,,,29,18,Vrouw,Rechts,
,xotask,67,7,main,mediumSC,average,,,718,['c'],1,left,['9'],5,83,60,,,,,,,,,29,18,Vrouw,Rechts,
,xotask,68,7,main,mediumSC,easy,,,351,['n'],0,left,['2'],2,268,72,,,,,,,,,29,18,Vrouw,Rechts,
,xotask,69,7,main,mediumSC,hard,,,752,['c'],0,right,['8'],4,5550,28,,,,,,,,,29,18,Vrouw,Rechts,
,xotask,70,7,main,mediumSC,average,,,552,['c'],1,left,['8'],4,256,64,,,,,,,,,29,18,Vrouw,Rechts,
,xotask,71,7,main,mediumSC,hard,,,502,['c'],1,left,['8'],4,380,50,,,,,,,,,29,18,Vrouw,Rechts,
,dotcolour,0,0,training,lowSC,hard,,,702,['n'],0,left,none,-99,-99,,42,,,,,,,,29,18,Vrouw,Rechts,
,dotcolour,1,0,training,lowSC,hard,,,484,['n'],1,right,none,-99,-99,,35,,,,,,,,29,18,Vrouw,Rechts,
,dotcolour,2,0,training,lowSC,easy,,,401,['n'],1,right,none,-99,-99,,16,,,,,,,,29,18,Vrouw,Rechts,
,dotcolour,3,0,training,lowSC,average,,,385,['c'],1,left,none,-99,-99,,51,,,,,,,,29,18,Vrouw,Rechts,
,dotcolour,4,0,training,lowSC,easy,,,401,['n'],1,right,none,-99,-99,,18,,,,,,,,29,18,Vrouw,Rechts,
,dotcolour,5,0,training,lowSC,hard,,,319,['n'],1,right,none,-99,-99,,35,,,,,,,,29,18,Vrouw,Rechts,
,dotcolour,6,0,training,lowSC,hard,,,368,['c'],1,left,none,-99,-99,,43,,,,,,,,29,18,Vrouw,Rechts,
,dotcolour,7,0,training,lowSC,hard,,,351,['n'],0,left,none,-99,-99,,44,,,,,,,,29,18,Vrouw,Rechts,
,dotcolour,8,0,training,lowSC,easy,,,369,['n'],1,right,none,-99,-99,,16,,,,,,,,29,18,Vrouw,Rechts,
,dotcolour,9,0,training,lowSC,hard,,,384,['c'],1,left,none,-99,-99,,45,,,,,,,,29,18,Vrouw,Rechts,
,dotcolour,10,0,training,lowSC,average,,,318,['n'],1,right,none,-99,-99,,26,,,,,,,,29,18,Vrouw,Rechts,
,dotcolour,11,0,training,lowSC,easy,,,351,['c'],1,left,none,-99,-99,,63,,,,,,,,29,18,Vrouw,Rechts,
,dotcolour,12,0,training,lowSC,hard,,,569,['n'],0,left,none,-99,-99,,42,,,,,,,,29,18,Vrouw,Rechts,
,dotcolour,13,0,training,lowSC,average,,,369,['c'],1,left,none,-99,-99,,52,,,,,,,,29,18,Vrouw,Rechts,
,dotcolour,14,0,training,lowSC,average,,,519,['n'],1,right,none,-99,-99,,27,,,,,,,,29,18,Vrouw,Rechts,
,dotcolour,15,0,training,lowSC,hard,,,334,['c'],1,left,none,-99,-99,,43,,,,,,,,29,18,Vrouw,Rechts,
,dotcolour,16,0,training,lowSC,easy,,,435,['c'],0,right,none,-99,-99,,19,,,,,,,,29,18,Vrouw,Rechts,
,dotcolour,17,0,training,lowSC,average,,,402,['c'],1,left,none,-99,-99,,52,,,,,,,,29,18,Vrouw,Rechts,
,dotcolour,18,0,training,lowSC,hard,,,318,['n'],1,right,none,-99,-99,,38,,,,,,,,29,18,Vrouw,Rechts,
,dotcolour,19,0,training,lowSC,easy,,,452,['n'],1,right,none,-99,-99,,15,,,,,,,,29,18,Vrouw,Rechts,
,dotcolour,20,0,training,lowSC,easy,,,335,['c'],1,left,none,-99,-99,,62,,,,,,,,29,18,Vrouw,Rechts,
,dotcolour,21,0,training,lowSC,easy,,,302,['c'],1,left,none,-99,-99,,62,,,,,,,,29,18,Vrouw,Rechts,
,dotcolour,22,0,training,lowSC,hard,,,367,['c'],0,right,none,-99,-99,,38,,,,,,,,29,18,Vrouw,Rechts,
,dotcolour,23,0,training,lowSC,average,,,268,['n'],0,left,none,-99,-99,,55,,,,,,,,29,18,Vrouw,Rechts,
,dotcolour,0,1,training,lowSC,hard,,,285,['c'],1,left,none,-99,-99,,41,,,,,,,,29,18,Vrouw,Rechts,
,dotcolour,1,1,training,lowSC,easy,,,318,['n'],1,right,none,-99,-99,,18,,,,,,,,29,18,Vrouw,Rechts,
,dotcolour,2,1,training,lowSC,easy,,,284,['c'],0,right,none,-99,-99,,19,,,,,,,,29,18,Vrouw,Rechts,
,dotcolour,3,1,training,lowSC,easy,,,351,['n'],1,right,none,-99,-99,,18,,,,,,,,29,18,Vrouw,Rechts,
,dotcolour,4,1,training,lowSC,easy,,,301,['c'],1,left,none,-99,-99,,65,,,,,,,,29,18,Vrouw,Rechts,
,dotcolour,5,1,training,lowSC,average,,,318,['n'],1,right,none,-99,-99,,26,,,,,,,,29,18,Vrouw,Rechts,
,dotcolour,6,1,training,lowSC,easy,,,318,['c'],1,left,none,-99,-99,,62,,,,,,,,29,18,Vrouw,Rechts,
,dotcolour,7,1,training,lowSC,hard,,,368,['n'],1,right,none,-99,-99,,35,,,,,,,,29,18,Vrouw,Rechts,
,dotcolour,8,1,training,lowSC,average,,,285,['c'],1,left,none,-99,-99,,53,,,,,,,,29,18,Vrouw,Rechts,
,dotcolour,9,1,training,lowSC,average,,,418,['n'],1,right,none,-99,-99,,26,,,,,,,,29,18,Vrouw,Rechts,
,dotcolour,10,1,training,lowSC,average,,,251,['c'],0,right,none,-99,-99,,26,,,,,,,,29,18,Vrouw,Rechts,
,dotcolour,11,1,training,lowSC,easy,,,469,['c'],1,left,none,-99,-99,,63,,,,,,,,29,18,Vrouw,Rechts,
,dotcolour,12,1,training,lowSC,hard,,,419,['c'],1,left,none,-99,-99,,44,,,,,,,,29,18,Vrouw,Rechts,
,dotcolour,13,1,training,lowSC,average,,,352,['c'],1,left,none,-99,-99,,52,,,,,,,,29,18,Vrouw,Rechts,
,dotcolour,14,1,training,lowSC,average,,,335,['c'],0,right,none,-99,-99,,27,,,,,,,,29,18,Vrouw,Rechts,
,dotcolour,15,1,training,lowSC,hard,,,619,['c'],1,left,none,-99,-99,,43,,,,,,,,29,18,Vrouw,Rechts,
,dotcolour,16,1,training,lowSC,hard,,,418,['n'],0,left,none,-99,-99,,41,,,,,,,,29,18,Vrouw,Rechts,
,dotcolour,17,1,training,lowSC,hard,,,601,['c'],0,right,none,-99,-99,,35,,,,,,,,29,18,Vrouw,Rechts,
,dotcolour,18,1,training,lowSC,average,,,368,['n'],1,right,none,-99,-99,,26,,,,,,,,29,18,Vrouw,Rechts,
,dotcolour,19,1,training,lowSC,easy,,,502,['c'],1,left,none,-99,-99,,62,,,,,,,,29,18,Vrouw,Rechts,
,dotcolour,20,1,training,lowSC,average,,,318,['n'],1,right,none,-99,-99,,26,,,,,,,,29,18,Vrouw,Rechts,
,dotcolour,21,1,training,lowSC,easy,,,269,['c'],1,left,none,-99,-99,,61,,,,,,,,29,18,Vrouw,Rechts,
,dotcolour,22,1,training,lowSC,easy,,,351,['c'],1,left,none,-99,-99,,64,,,,,,,,29,18,Vrouw,Rechts,
,dotcolour,23,1,training,lowSC,easy,,,351,['n'],1,right,none,-99,-99,,19,,,,,,,,29,18,Vrouw,Rechts,
,dotcolour,0,2,training,lowSC,easy,,,318,['c'],1,left,none,-99,-99,,64,,,,,,,,29,18,Vrouw,Rechts,
,dotcolour,1,2,training,lowSC,easy,,,518,['c'],1,left,none,-99,-99,,61,,,,,,,,29,18,Vrouw,Rechts,
,dotcolour,2,2,training,lowSC,hard,,,318,['n'],1,right,none,-99,-99,,36,,,,,,,,29,18,Vrouw,Rechts,
,dotcolour,3,2,training,lowSC,easy,,,301,['c'],1,left,none,-99,-99,,64,,,,,,,,29,18,Vrouw,Rechts,
,dotcolour,4,2,training,lowSC,easy,,,333,['c'],1,left,none,-99,-99,,65,,,,,,,,29,18,Vrouw,Rechts,
,dotcolour,5,2,training,lowSC,hard,,,219,['c'],1,left,none,-99,-99,,41,,,,,,,,29,18,Vrouw,Rechts,
,dotcolour,6,2,training,lowSC,average,,,251,['n'],0,left,none,-99,-99,,55,,,,,,,,29,18,Vrouw,Rechts,
,dotcolour,7,2,training,lowSC,average,,,334,['n'],1,right,none,-99,-99,,29,,,,,,,,29,18,Vrouw,Rechts,
,dotcolour,8,2,training,lowSC,average,,,318,['c'],1,left,none,-99,-99,,53,,,,,,,,29,18,Vrouw,Rechts,
,dotcolour,9,2,training,lowSC,average,,,302,['c'],0,right,none,-99,-99,,28,,,,,,,,29,18,Vrouw,Rechts,
,dotcolour,10,2,training,lowSC,easy,,,468,['n'],1,right,none,-99,-99,,16,,,,,,,,29,18,Vrouw,Rechts,
,dotcolour,11,2,training,lowSC,hard,,,485,['n'],0,left,none,-99,-99,,45,,,,,,,,29,18,Vrouw,Rechts,
,dotcolour,12,2,training,lowSC,easy,,,502,['n'],1,right,none,-99,-99,,16,,,,,,,,29,18,Vrouw,Rechts,
,dotcolour,13,2,training,lowSC,hard,,,334,['c'],1,left,none,-99,-99,,43,,,,,,,,29,18,Vrouw,Rechts,
,dotcolour,14,2,training,lowSC,hard,,,301,['n'],0,left,none,-99,-99,,42,,,,,,,,29,18,Vrouw,Rechts,
,dotcolour,15,2,training,lowSC,hard,,,335,['n'],0,left,none,-99,-99,,45,,,,,,,,29,18,Vrouw,Rechts,
,dotcolour,16,2,training,lowSC,average,,,1654,['n'],1,right,none,-99,-99,,29,,,,,,,,29,18,Vrouw,Rechts,
,dotcolour,17,2,training,lowSC,hard,,,501,['n'],1,right,none,-99,-99,,37,,,,,,,,29,18,Vrouw,Rechts,
,dotcolour,18,2,training,lowSC,easy,,,335,['c'],1,left,none,-99,-99,,61,,,,,,,,29,18,Vrouw,Rechts,
,dotcolour,19,2,training,lowSC,hard,,,368,['n'],0,left,none,-99,-99,,45,,,,,,,,29,18,Vrouw,Rechts,
,dotcolour,20,2,training,lowSC,easy,,,419,['c'],0,right,none,-99,-99,,19,,,,,,,,29,18,Vrouw,Rechts,
,dotcolour,21,2,training,lowSC,easy,,,317,['n'],1,right,none,-99,-99,,18,,,,,,,,29,18,Vrouw,Rechts,
,dotcolour,22,2,training,lowSC,hard,,,418,['n'],1,right,none,-99,-99,,35,,,,,,,,29,18,Vrouw,Rechts,
,dotcolour,23,2,training,lowSC,average,,,284,['n'],0,left,none,-99,-99,,55,,,,,,,,29,18,Vrouw,Rechts,
,dotcolour,0,3,training,lowSC,average,,,318,['c'],1,left,none,-99,-99,,54,,,,,,,,29,18,Vrouw,Rechts,
,dotcolour,1,3,training,lowSC,hard,,,301,['c'],1,left,none,-99,-99,,45,,,,,,,,29,18,Vrouw,Rechts,
,dotcolour,2,3,training,lowSC,average,,,284,['n'],1,right,none,-99,-99,,26,,,,,,,,29,18,Vrouw,Rechts,
,dotcolour,3,3,training,lowSC,easy,,,285,['c'],1,left,none,-99,-99,,64,,,,,,,,29,18,Vrouw,Rechts,
,dotcolour,4,3,training,lowSC,hard,,,385,['c'],1,left,none,-99,-99,,44,,,,,,,,29,18,Vrouw,Rechts,
,dotcolour,5,3,training,lowSC,average,,,302,['c'],1,left,none,-99,-99,,55,,,,,,,,29,18,Vrouw,Rechts,
,dotcolour,6,3,training,lowSC,easy,,,351,['c'],0,right,none,-99,-99,,19,,,,,,,,29,18,Vrouw,Rechts,
,dotcolour,7,3,training,lowSC,average,,,702,['n'],1,right,none,-99,-99,,29,,,,,,,,29,18,Vrouw,Rechts,
,dotcolour,8,3,training,lowSC,average,,,418,['c'],1,left,none,-99,-99,,52,,,,,,,,29,18,Vrouw,Rechts,
,dotcolour,9,3,training,lowSC,hard,,,234,['n'],1,right,none,-99,-99,,39,,,,,,,,29,18,Vrouw,Rechts,
,dotcolour,10,3,training,lowSC,hard,,,385,['n'],0,left,none,-99,-99,,42,,,,,,,,29,18,Vrouw,Rechts,
,dotcolour,11,3,training,lowSC,easy,,,436,['n'],1,right,none,-99,-99,,18,,,,,,,,29,18,Vrouw,Rechts,
,dotcolour,12,3,training,lowSC,easy,,,686,['c'],1,left,none,-99,-99,,62,,,,,,,,29,18,Vrouw,Rechts,
,dotcolour,13,3,training,lowSC,average,,,318,['n'],0,left,none,-99,-99,,54,,,,,,,,29,18,Vrouw,Rechts,
,dotcolour,14,3,training,lowSC,average,,,401,['n'],0,left,none,-99,-99,,55,,,,,,,,29,18,Vrouw,Rechts,
,dotcolour,15,3,training,lowSC,average,,,300,['c'],1,left,none,-99,-99,,51,,,,,,,,29,18,Vrouw,Rechts,
,dotcolour,16,3,training,lowSC,hard,,,352,['c'],0,right,none,-99,-99,,36,,,,,,,,29,18,Vrouw,Rechts,
,dotcolour,17,3,training,lowSC,hard,,,284,['n'],0,left,none,-99,-99,,43,,,,,,,,29,18,Vrouw,Rechts,
,dotcolour,18,3,training,lowSC,average,,,285,['c'],1,left,none,-99,-99,,52,,,,,,,,29,18,Vrouw,Rechts,
,dotcolour,19,3,training,lowSC,hard,,,267,['n'],1,right,none,-99,-99,,38,,,,,,,,29,18,Vrouw,Rechts,
,dotcolour,20,3,training,lowSC,average,,,301,['c'],0,right,none,-99,-99,,26,,,,,,,,29,18,Vrouw,Rechts,
,dotcolour,21,3,training,lowSC,easy,,,301,['n'],1,right,none,-99,-99,,16,,,,,,,,29,18,Vrouw,Rechts,
,dotcolour,22,3,training,lowSC,easy,,,502,['c'],1,left,none,-99,-99,,62,,,,,,,,29,18,Vrouw,Rechts,
,dotcolour,23,3,training,lowSC,hard,,,335,['n'],1,right,none,-99,-99,,36,,,,,,,,29,18,Vrouw,Rechts,
,dotcolour,0,4,training,lowSC,average,,,385,['c'],1,left,none,-99,-99,,52,,,,,,,,29,18,Vrouw,Rechts,
,dotcolour,1,4,training,lowSC,hard,,,401,['n'],0,left,none,-99,-99,,41,,,,,,,,29,18,Vrouw,Rechts,
,dotcolour,2,4,training,lowSC,average,,,318,['n'],0,left,none,-99,-99,,52,,,,,,,,29,18,Vrouw,Rechts,
,dotcolour,3,4,training,lowSC,easy,,,267,['c'],1,left,none,-99,-99,,61,,,,,,,,29,18,Vrouw,Rechts,
,dotcolour,4,4,training,lowSC,average,,,686,['n'],1,right,none,-99,-99,,25,,,,,,,,29,18,Vrouw,Rechts,
,dotcolour,5,4,training,lowSC,average,,,502,['c'],1,left,none,-99,-99,,51,,,,,,,,29,18,Vrouw,Rechts,
,dotcolour,6,4,training,lowSC,easy,,,518,['n'],1,right,none,-99,-99,,15,,,,,,,,29,18,Vrouw,Rechts,
,dotcolour,7,4,training,lowSC,easy,,,267,['c'],1,left,none,-99,-99,,64,,,,,,,,29,18,Vrouw,Rechts,
,dotcolour,8,4,training,lowSC,average,,,252,['n'],0,left,none,-99,-99,,54,,,,,,,,29,18,Vrouw,Rechts,
,dotcolour,9,4,training,lowSC,hard,,,402,['c'],1,left,none,-99,-99,,45,,,,,,,,29,18,Vrouw,Rechts,
,dotcolour,10,4,training,lowSC,hard,,,267,['n'],0,left,none,-99,-99,,41,,,,,,,,29,18,Vrouw,Rechts,
,dotcolour,11,4,training,lowSC,easy,,,250,['c'],1,left,none,-99,-99,,65,,,,,,,,29,18,Vrouw,Rechts,
,dotcolour,12,4,training,lowSC,hard,,,385,['c'],1,left,none,-99,-99,,45,,,,,,,,29,18,Vrouw,Rechts,
,dotcolour,13,4,training,lowSC,hard,,,284,['c'],0,right,none,-99,-99,,35,,,,,,,,29,18,Vrouw,Rechts,
,dotcolour,14,4,training,lowSC,easy,,,235,['n'],1,right,none,-99,-99,,19,,,,,,,,29,18,Vrouw,Rechts,
,dotcolour,15,4,training,lowSC,easy,,,418,['n'],1,right,none,-99,-99,,15,,,,,,,,29,18,Vrouw,Rechts,
,dotcolour,16,4,training,lowSC,easy,,,285,['c'],0,right,none,-99,-99,,18,,,,,,,,29,18,Vrouw,Rechts,
,dotcolour,17,4,training,lowSC,easy,,,302,['c'],1,left,none,-99,-99,,64,,,,,,,,29,18,Vrouw,Rechts,
,dotcolour,18,4,training,lowSC,easy,,,335,['n'],1,right,none,-99,-99,,16,,,,,,,,29,18,Vrouw,Rechts,
,dotcolour,19,4,training,lowSC,easy,,,301,['n'],1,right,none,-99,-99,,15,,,,,,,,29,18,Vrouw,Rechts,
,dotcolour,20,4,training,lowSC,average,,,285,['n'],1,right,none,-99,-99,,25,,,,,,,,29,18,Vrouw,Rechts,
,dotcolour,21,4,training,lowSC,easy,,,318,['c'],1,left,none,-99,-99,,62,,,,,,,,29,18,Vrouw,Rechts,
,dotcolour,22,4,training,lowSC,hard,,,285,['c'],0,right,none,-99,-99,,35,,,,,,,,29,18,Vrouw,Rechts,
,dotcolour,23,4,training,lowSC,easy,,,300,['n'],1,right,none,-99,-99,,15,,,,,,,,29,18,Vrouw,Rechts,
,dotcolour,0,5,main,lowSC,average,,,652,['c'],1,left,['8'],4,294,,55,,,,,,,,29,18,Vrouw,Rechts,
,dotcolour,1,5,main,lowSC,average,,,502,['c'],1,left,['8'],4,226,,52,,,,,,,,29,18,Vrouw,Rechts,
,dotcolour,2,5,main,lowSC,hard,,,451,['n'],0,left,['3'],3,50,,42,,,,,,,,29,18,Vrouw,Rechts,
,dotcolour,3,5,main,lowSC,easy,,,435,['n'],1,right,['8'],4,121,,19,,,,,,,,29,18,Vrouw,Rechts,
,dotcolour,4,5,main,lowSC,easy,,,368,['c'],1,left,['8'],4,241,,65,,,,,,,,29,18,Vrouw,Rechts,
,dotcolour,5,5,main,lowSC,average,,,368,['n'],1,right,['8'],4,100,,26,,,,,,,,29,18,Vrouw,Rechts,
,dotcolour,6,5,main,lowSC,easy,,,187,['c'],0,right,['3'],3,562,,17,,,,,,,,29,18,Vrouw,Rechts,
,dotcolour,7,5,main,lowSC,easy,,,302,['n'],0,left,['3'],3,155,,63,,,,,,,,29,18,Vrouw,Rechts,
,dotcolour,8,5,main,lowSC,average,,,385,['c'],1,left,['8'],4,288,,52,,,,,,,,29,18,Vrouw,Rechts,
,dotcolour,9,5,main,lowSC,average,,,485,['c'],0,right,['8'],4,204,,28,,,,,,,,29,18,Vrouw,Rechts,
,dotcolour,10,5,main,lowSC,hard,,,419,['n'],1,right,['8'],4,94,,36,,,,,,,,29,18,Vrouw,Rechts,
,dotcolour,11,5,main,lowSC,hard,,,302,['c'],0,right,['8'],4,298,,38,,,,,,,,29,18,Vrouw,Rechts,
,dotcolour,12,5,main,lowSC,average,,,468,['n'],0,left,['3'],3,261,,52,,,,,,,,29,18,Vrouw,Rechts,
,dotcolour,13,5,main,lowSC,hard,,,217,['c'],0,right,['8'],4,237,,37,,,,,,,,29,18,Vrouw,Rechts,
,dotcolour,14,5,main,lowSC,average,,,335,['c'],0,right,['8'],4,274,,29,,,,,,,,29,18,Vrouw,Rechts,
,dotcolour,15,5,main,lowSC,hard,,,385,['n'],1,right,['8'],4,242,,35,,,,,,,,29,18,Vrouw,Rechts,
,dotcolour,16,5,main,lowSC,easy,,,301,['c'],1,left,['9'],5,56,,65,,,,,,,,29,18,Vrouw,Rechts,
,dotcolour,17,5,main,lowSC,hard,,,335,['n'],1,right,['8'],4,227,,37,,,,,,,,29,18,Vrouw,Rechts,
,dotcolour,18,5,main,lowSC,average,,,452,['n'],1,right,['8'],4,147,,27,,,,,,,,29,18,Vrouw,Rechts,
,dotcolour,19,5,main,lowSC,average,,,334,['c'],1,left,['8'],4,171,,55,,,,,,,,29,18,Vrouw,Rechts,
,dotcolour,20,5,main,lowSC,easy,,,334,['c'],1,left,['8'],4,465,,64,,,,,,,,29,18,Vrouw,Rechts,
,dotcolour,21,5,main,lowSC,hard,,,302,['n'],0,left,['3'],3,253,,43,,,,,,,,29,18,Vrouw,Rechts,
,dotcolour,22,5,main,lowSC,easy,,,368,['n'],1,right,['8'],4,287,,17,,,,,,,,29,18,Vrouw,Rechts,
,dotcolour,23,5,main,lowSC,hard,,,191,['c'],1,left,['8'],4,247,,44,,,,,,,,29,18,Vrouw,Rechts,
,dotcolour,24,5,main,lowSC,average,,,302,['n'],1,right,['8'],4,251,,25,,,,,,,,29,18,Vrouw,Rechts,
,dotcolour,25,5,main,lowSC,average,,,61,['c'],1,left,['8'],4,212,,54,,,,,,,,29,18,Vrouw,Rechts,
,dotcolour,26,5,main,lowSC,hard,,,251,['c'],1,left,['8'],4,525,,44,,,,,,,,29,18,Vrouw,Rechts,
,dotcolour,27,5,main,lowSC,easy,,,353,['n'],1,right,['8'],4,21,,19,,,,,,,,29,18,Vrouw,Rechts,
,dotcolour,28,5,main,lowSC,easy,,,217,['c'],0,right,['3'],3,231,,16,,,,,,,,29,18,Vrouw,Rechts,
,dotcolour,29,5,main,lowSC,easy,,,401,['n'],0,left,['3'],3,232,,63,,,,,,,,29,18,Vrouw,Rechts,
,dotcolour,30,5,main,lowSC,easy,,,285,['c'],0,right,['3'],3,238,,18,,,,,,,,29,18,Vrouw,Rechts,
,dotcolour,31,5,main,lowSC,hard,,,285,['n'],1,right,['8'],4,452,,39,,,,,,,,29,18,Vrouw,Rechts,
,dotcolour,32,5,main,lowSC,hard,,,618,['c'],1,left,['8'],4,292,,45,,,,,,,,29,18,Vrouw,Rechts,
,dotcolour,33,5,main,lowSC,hard,,,251,['n'],1,right,['8'],4,201,,37,,,,,,,,29,18,Vrouw,Rechts,
,dotcolour,34,5,main,lowSC,average,,,156,['c'],0,right,['3'],3,228,,27,,,,,,,,29,18,Vrouw,Rechts,
,dotcolour,35,5,main,lowSC,hard,,,301,['n'],0,left,['8'],4,266,,41,,,,,,,,29,18,Vrouw,Rechts,
,dotcolour,36,5,main,lowSC,average,,,535,['n'],0,left,['3'],3,229,,53,,,,,,,,29,18,Vrouw,Rechts,
,dotcolour,37,5,main,lowSC,easy,,,351,['c'],1,left,['8'],4,233,,62,,,,,,,,29,18,Vrouw,Rechts,
,dotcolour,38,5,main,lowSC,average,,,419,['n'],1,right,['8'],4,121,,28,,,,,,,,29,18,Vrouw,Rechts,
,dotcolour,39,5,main,lowSC,hard,,,176,['c'],0,right,['8'],4,248,,36,,,,,,,,29,18,Vrouw,Rechts,
,dotcolour,40,5,main,lowSC,easy,,,185,['c'],0,right,['3'],3,1,,19,,,,,,,,29,18,Vrouw,Rechts,
,dotcolour,41,5,main,lowSC,easy,,,368,['n'],0,left,['3'],3,237,,65,,,,,,,,29,18,Vrouw,Rechts,
,dotcolour,42,5,main,lowSC,easy,,,334,['c'],1,left,['8'],4,257,,61,,,,,,,,29,18,Vrouw,Rechts,
,dotcolour,43,5,main,lowSC,hard,,,418,['c'],1,left,['8'],4,65,,43,,,,,,,,29,18,Vrouw,Rechts,
,dotcolour,44,5,main,lowSC,easy,,,284,['n'],1,right,['8'],4,126,,16,,,,,,,,29,18,Vrouw,Rechts,
,dotcolour,45,5,main,lowSC,average,,,234,['c'],1,left,['8'],4,123,,54,,,,,,,,29,18,Vrouw,Rechts,
,dotcolour,46,5,main,lowSC,easy,,,251,['n'],1,right,['8'],4,311,,19,,,,,,,,29,18,Vrouw,Rechts,
,dotcolour,47,5,main,lowSC,average,,,602,['c'],1,left,['8'],4,333,,52,,,,,,,,29,18,Vrouw,Rechts,
,dotcolour,48,5,main,lowSC,average,,,368,['n'],1,right,['8'],4,252,,28,,,,,,,,29,18,Vrouw,Rechts,
,dotcolour,49,5,main,lowSC,hard,,,385,['c'],1,left,['8'],4,237,,44,,,,,,,,29,18,Vrouw,Rechts,
,dotcolour,50,5,main,lowSC,average,,,369,['n'],0,left,['3'],3,400,,51,,,,,,,,29,18,Vrouw,Rechts,
,dotcolour,51,5,main,lowSC,average,,,435,['c'],0,right,['8'],4,281,,27,,,,,,,,29,18,Vrouw,Rechts,
,dotcolour,52,5,main,lowSC,average,,,186,['n'],0,left,['8'],4,689,,53,,,,,,,,29,18,Vrouw,Rechts,
,dotcolour,53,5,main,lowSC,hard,,,419,['c'],0,right,['8'],4,191,,37,,,,,,,,29,18,Vrouw,Rechts,
,dotcolour,54,5,main,lowSC,easy,,,334,['n'],1,right,['8'],4,245,,19,,,,,,,,29,18,Vrouw,Rechts,
,dotcolour,55,5,main,lowSC,average,,,285,['c'],0,right,['8'],4,171,,27,,,,,,,,29,18,Vrouw,Rechts,
,dotcolour,56,5,main,lowSC,hard,,,268,['n'],1,right,['8'],4,229,,39,,,,,,,,29,18,Vrouw,Rechts,
,dotcolour,57,5,main,lowSC,hard,,,468,['n'],0,left,['8'],4,228,,42,,,,,,,,29,18,Vrouw,Rechts,
,dotcolour,58,5,main,lowSC,average,,,284,['n'],0,left,['8'],4,59,,52,,,,,,,,29,18,Vrouw,Rechts,
,dotcolour,59,5,main,lowSC,average,,,335,['n'],1,right,['8'],4,262,,25,,,,,,,,29,18,Vrouw,Rechts,
,dotcolour,60,5,main,lowSC,easy,,,199,['c'],1,left,['8'],4,223,,62,,,,,,,,29,18,Vrouw,Rechts,
,dotcolour,61,5,main,lowSC,hard,,,468,['n'],1,right,['8'],4,1230,,38,,,,,,,,29,18,Vrouw,Rechts,
,dotcolour,62,5,main,lowSC,easy,,,234,['n'],0,left,['3'],3,286,,61,,,,,,,,29,18,Vrouw,Rechts,
,dotcolour,63,5,main,lowSC,hard,,,485,['c'],0,right,['3'],3,218,,36,,,,,,,,29,18,Vrouw,Rechts,
,dotcolour,64,5,main,lowSC,hard,,,318,['n'],0,left,['3'],3,31,,42,,,,,,,,29,18,Vrouw,Rechts,
,dotcolour,65,5,main,lowSC,easy,,,268,['c'],1,left,['8'],4,1119,,62,,,,,,,,29,18,Vrouw,Rechts,
,dotcolour,66,5,main,lowSC,hard,,,352,['n'],0,left,['8'],4,334,,44,,,,,,,,29,18,Vrouw,Rechts,
,dotcolour,67,5,main,lowSC,average,,,418,['c'],0,right,['3'],3,138,,26,,,,,,,,29,18,Vrouw,Rechts,
,dotcolour,68,5,main,lowSC,easy,,,192,['n'],1,right,['8'],4,248,,17,,,,,,,,29,18,Vrouw,Rechts,
,dotcolour,69,5,main,lowSC,hard,,,186,['c'],1,left,['8'],4,337,,42,,,,,,,,29,18,Vrouw,Rechts,
,dotcolour,70,5,main,lowSC,easy,,,284,['n'],1,right,['8'],4,275,,16,,,,,,,,29,18,Vrouw,Rechts,
,dotcolour,71,5,main,lowSC,easy,,,335,['n'],0,left,['3'],3,213,,61,,,,,,,,29,18,Vrouw,Rechts,
,dotcolour,0,6,main,lowSC,average,,,419,['n'],1,right,['8'],4,494,,29,,,,,,,,29,18,Vrouw,Rechts,
,dotcolour,1,6,main,lowSC,average,,,467,['c'],1,left,['8'],4,242,,53,,,,,,,,29,18,Vrouw,Rechts,
,dotcolour,2,6,main,lowSC,average,,,351,['n'],0,left,['3'],3,213,,52,,,,,,,,29,18,Vrouw,Rechts,
,dotcolour,3,6,main,lowSC,average,,,402,['n'],1,right,['8'],4,183,,26,,,,,,,,29,18,Vrouw,Rechts,
,dotcolour,4,6,main,lowSC,average,,,187,['c'],1,left,['8'],4,131,,51,,,,,,,,29,18,Vrouw,Rechts,
,dotcolour,5,6,main,lowSC,easy,,,317,['n'],1,right,['8'],4,60,,15,,,,,,,,29,18,Vrouw,Rechts,
,dotcolour,6,6,main,lowSC,hard,,,251,['c'],0,right,['8'],4,203,,39,,,,,,,,29,18,Vrouw,Rechts,
,dotcolour,7,6,main,lowSC,hard,,,318,['n'],1,right,['8'],4,49,,38,,,,,,,,29,18,Vrouw,Rechts,
,dotcolour,8,6,main,lowSC,easy,,,187,['c'],1,left,['8'],4,114,,62,,,,,,,,29,18,Vrouw,Rechts,
,dotcolour,9,6,main,lowSC,average,,,72,['n'],0,left,['3'],3,224,,53,,,,,,,,29,18,Vrouw,Rechts,
,dotcolour,10,6,main,lowSC,easy,,,178,['n'],1,right,['8'],4,218,,19,,,,,,,,29,18,Vrouw,Rechts,
,dotcolour,11,6,main,lowSC,average,,,235,['c'],1,left,['8'],4,51,,53,,,,,,,,29,18,Vrouw,Rechts,
,dotcolour,12,6,main,lowSC,easy,,,300,['n'],1,right,['8'],4,304,,15,,,,,,,,29,18,Vrouw,Rechts,
,dotcolour,13,6,main,lowSC,hard,,,352,['n'],1,right,['8'],4,193,,38,,,,,,,,29,18,Vrouw,Rechts,
,dotcolour,14,6,main,lowSC,easy,,,536,['c'],1,left,['8'],4,447,,63,,,,,,,,29,18,Vrouw,Rechts,
,dotcolour,15,6,main,lowSC,easy,,,251,['n'],0,left,['3'],3,285,,62,,,,,,,,29,18,Vrouw,Rechts,
,dotcolour,16,6,main,lowSC,hard,,,551,['n'],0,left,['8'],4,247,,45,,,,,,,,29,18,Vrouw,Rechts,
,dotcolour,17,6,main,lowSC,average,,,235,['c'],0,right,['3'],3,350,,25,,,,,,,,29,18,Vrouw,Rechts,
,dotcolour,18,6,main,lowSC,average,,,368,['n'],0,left,['3'],3,268,,53,,,,,,,,29,18,Vrouw,Rechts,
,dotcolour,19,6,main,lowSC,easy,,,302,['n'],1,right,['8'],4,112,,15,,,,,,,,29,18,Vrouw,Rechts,
,dotcolour,20,6,main,lowSC,hard,,,335,['c'],1,left,['8'],4,361,,44,,,,,,,,29,18,Vrouw,Rechts,
,dotcolour,21,6,main,lowSC,easy,,,302,['n'],0,left,['3'],3,218,,64,,,,,,,,29,18,Vrouw,Rechts,
,dotcolour,22,6,main,lowSC,easy,,,718,['n'],1,right,['8'],4,320,,18,,,,,,,,29,18,Vrouw,Rechts,
,dotcolour,23,6,main,lowSC,average,,,285,['c'],0,right,['8'],4,130,,27,,,,,,,,29,18,Vrouw,Rechts,
,dotcolour,24,6,main,lowSC,average,,,334,['n'],1,right,['8'],4,266,,25,,,,,,,,29,18,Vrouw,Rechts,
,dotcolour,25,6,main,lowSC,average,,,186,['c'],0,right,['8'],4,242,,28,,,,,,,,29,18,Vrouw,Rechts,
,dotcolour,26,6,main,lowSC,hard,,,196,['n'],1,right,['8'],4,348,,35,,,,,,,,29,18,Vrouw,Rechts,
,dotcolour,27,6,main,lowSC,easy,,,401,['n'],1,right,['8'],4,248,,19,,,,,,,,29,18,Vrouw,Rechts,
,dotcolour,28,6,main,lowSC,average,,,335,['n'],1,right,['8'],4,284,,28,,,,,,,,29,18,Vrouw,Rechts,
,dotcolour,29,6,main,lowSC,hard,,,172,['n'],0,left,['8'],4,163,,43,,,,,,,,29,18,Vrouw,Rechts,
,dotcolour,30,6,main,lowSC,average,,,352,['c'],0,right,['3'],3,25,,27,,,,,,,,29,18,Vrouw,Rechts,
,dotcolour,31,6,main,lowSC,average,,,3187,['c'],1,left,['8'],4,289,,53,,,,,,,,29,18,Vrouw,Rechts,
,dotcolour,32,6,main,lowSC,hard,,,236,['n'],0,left,['8'],4,280,,41,,,,,,,,29,18,Vrouw,Rechts,
,dotcolour,33,6,main,lowSC,hard,,,153,['c'],1,left,['8'],4,256,,44,,,,,,,,29,18,Vrouw,Rechts,
,dotcolour,34,6,main,lowSC,average,,,192,['n'],0,left,['3'],3,216,,53,,,,,,,,29,18,Vrouw,Rechts,
,dotcolour,35,6,main,lowSC,easy,,,267,['c'],0,right,['3'],3,256,,16,,,,,,,,29,18,Vrouw,Rechts,
,dotcolour,36,6,main,lowSC,easy,,,318,['n'],0,left,['3'],3,36,,61,,,,,,,,29,18,Vrouw,Rechts,
,dotcolour,37,6,main,lowSC,hard,,,334,['n'],1,right,['8'],4,64,,35,,,,,,,,29,18,Vrouw,Rechts,
,dotcolour,38,6,main,lowSC,hard,,,218,['c'],0,right,['3'],3,160,,37,,,,,,,,29,18,Vrouw,Rechts,
,dotcolour,39,6,main,lowSC,hard,,,518,['n'],1,right,['8'],4,304,,36,,,,,,,,29,18,Vrouw,Rechts,
,dotcolour,40,6,main,lowSC,hard,,,350,['c'],0,right,['3'],3,193,,35,,,,,,,,29,18,Vrouw,Rechts,
,dotcolour,41,6,main,lowSC,average,,,268,['n'],0,left,['3'],3,249,,52,,,,,,,,29,18,Vrouw,Rechts,
,dotcolour,42,6,main,lowSC,hard,,,171,['c'],1,left,['8'],4,210,,45,,,,,,,,29,18,Vrouw,Rechts,
,dotcolour,43,6,main,lowSC,average,,,869,['n'],1,right,['8'],4,930,,25,,,,,,,,29,18,Vrouw,Rechts,
,dotcolour,44,6,main,lowSC,easy,,,352,['n'],1,right,['8'],4,601,,19,,,,,,,,29,18,Vrouw,Rechts,
,dotcolour,45,6,main,lowSC,hard,,,267,['c'],1,left,['8'],4,241,,41,,,,,,,,29,18,Vrouw,Rechts,
,dotcolour,46,6,main,lowSC,average,,,368,['n'],1,right,['8'],4,228,,25,,,,,,,,29,18,Vrouw,Rechts,
,dotcolour,47,6,main,lowSC,easy,,,568,['c'],1,left,['8'],4,415,,64,,,,,,,,29,18,Vrouw,Rechts,
,dotcolour,48,6,main,lowSC,easy,,,335,['n'],1,right,['8'],4,252,,19,,,,,,,,29,18,Vrouw,Rechts,
,dotcolour,49,6,main,lowSC,easy,,,352,['n'],0,left,['3'],3,158,,65,,,,,,,,29,18,Vrouw,Rechts,
,dotcolour,50,6,main,lowSC,hard,,,1569,['n'],1,right,['8'],4,243,,36,,,,,,,,29,18,Vrouw,Rechts,
,dotcolour,51,6,main,lowSC,hard,,,502,['n'],1,right,['8'],4,176,,36,,,,,,,,29,18,Vrouw,Rechts,
,dotcolour,52,6,main,lowSC,average,,,335,['c'],1,left,['8'],4,263,,52,,,,,,,,29,18,Vrouw,Rechts,
,dotcolour,53,6,main,lowSC,easy,,,218,['n'],1,right,['8'],4,334,,15,,,,,,,,29,18,Vrouw,Rechts,
,dotcolour,54,6,main,lowSC,average,,,669,['c'],1,left,['8'],4,81,,51,,,,,,,,29,18,Vrouw,Rechts,
,dotcolour,55,6,main,lowSC,hard,,,368,['c'],1,left,['8'],4,105,,42,,,,,,,,29,18,Vrouw,Rechts,
,dotcolour,56,6,main,lowSC,easy,,,268,['n'],0,left,['3'],3,182,,63,,,,,,,,29,18,Vrouw,Rechts,
,dotcolour,57,6,main,lowSC,easy,,,435,['c'],1,left,['8'],4,216,,62,,,,,,,,29,18,Vrouw,Rechts,
,dotcolour,58,6,main,lowSC,average,,,234,['c'],1,left,['8'],4,257,,52,,,,,,,,29,18,Vrouw,Rechts,
,dotcolour,59,6,main,lowSC,hard,,,194,['n'],0,left,['8'],4,266,,43,,,,,,,,29,18,Vrouw,Rechts,
,dotcolour,60,6,main,lowSC,easy,,,268,['c'],1,left,['8'],4,31,,63,,,,,,,,29,18,Vrouw,Rechts,
,dotcolour,61,6,main,lowSC,average,,,368,['c'],0,right,['3'],3,298,,25,,,,,,,,29,18,Vrouw,Rechts,
,dotcolour,62,6,main,lowSC,easy,,,435,['n'],1,right,['8'],4,311,,17,,,,,,,,29,18,Vrouw,Rechts,
,dotcolour,63,6,main,lowSC,easy,,,368,['c'],1,left,['8'],4,183,,64,,,,,,,,29,18,Vrouw,Rechts,
,dotcolour,64,6,main,lowSC,average,,,302,['n'],1,right,['8'],4,126,,25,,,,,,,,29,18,Vrouw,Rechts,
,dotcolour,65,6,main,lowSC,hard,,,901,['n'],0,left,['8'],4,32,,45,,,,,,,,29,18,Vrouw,Rechts,
,dotcolour,66,6,main,lowSC,hard,,,534,['n'],1,right,['8'],4,260,,39,,,,,,,,29,18,Vrouw,Rechts,
,dotcolour,67,6,main,lowSC,hard,,,197,['c'],0,right,['3'],3,221,,36,,,,,,,,29,18,Vrouw,Rechts,
,dotcolour,68,6,main,lowSC,hard,,,367,['n'],0,left,['8'],4,288,,45,,,,,,,,29,18,Vrouw,Rechts,
,dotcolour,69,6,main,lowSC,easy,,,193,['c'],1,left,['8'],4,248,,63,,,,,,,,29,18,Vrouw,Rechts,
,dotcolour,70,6,main,lowSC,easy,,,137,['n'],1,right,['8'],4,225,,15,,,,,,,,29,18,Vrouw,Rechts,
,dotcolour,71,6,main,lowSC,hard,,,115,['n'],0,left,['8'],4,91,,44,,,,,,,,29,18,Vrouw,Rechts,
,dotcolour,0,7,main,lowSC,hard,,,352,['n'],0,left,['8'],4,313,,43,,,,,,,,29,18,Vrouw,Rechts,
,dotcolour,1,7,main,lowSC,average,,,318,['n'],0,left,['3'],3,170,,55,,,,,,,,29,18,Vrouw,Rechts,
,dotcolour,2,7,main,lowSC,easy,,,518,['n'],1,right,['8'],4,313,,18,,,,,,,,29,18,Vrouw,Rechts,
,dotcolour,3,7,main,lowSC,hard,,,136,['c'],0,right,['3'],3,240,,38,,,,,,,,29,18,Vrouw,Rechts,
,dotcolour,4,7,main,lowSC,hard,,,268,['n'],0,left,['3'],3,198,,45,,,,,,,,29,18,Vrouw,Rechts,
,dotcolour,5,7,main,lowSC,average,,,234,['c'],0,right,['3'],3,256,,27,,,,,,,,29,18,Vrouw,Rechts,
,dotcolour,6,7,main,lowSC,hard,,,268,['n'],0,left,['3'],3,246,,45,,,,,,,,29,18,Vrouw,Rechts,
,dotcolour,7,7,main,lowSC,average,,,301,['c'],0,right,['8'],4,332,,26,,,,,,,,29,18,Vrouw,Rechts,
,dotcolour,8,7,main,lowSC,average,,,367,['c'],1,left,['8'],4,186,,53,,,,,,,,29,18,Vrouw,Rechts,
,dotcolour,9,7,main,lowSC,easy,,,218,['n'],1,right,['8'],4,165,,18,,,,,,,,29,18,Vrouw,Rechts,
,dotcolour,10,7,main,lowSC,easy,,,90,['c'],0,right,['3'],3,321,,15,,,,,,,,29,18,Vrouw,Rechts,
,dotcolour,11,7,main,lowSC,hard,,,317,['n'],0,left,['8'],4,259,,42,,,,,,,,29,18,Vrouw,Rechts,
,dotcolour,12,7,main,lowSC,average,,,368,['n'],0,left,['3'],3,293,,52,,,,,,,,29,18,Vrouw,Rechts,
,dotcolour,13,7,main,lowSC,hard,,,986,['n'],0,left,['8'],4,268,,43,,,,,,,,29,18,Vrouw,Rechts,
,dotcolour,14,7,main,lowSC,easy,,,519,['n'],1,right,['8'],4,263,,15,,,,,,,,29,18,Vrouw,Rechts,
,dotcolour,15,7,main,lowSC,easy,,,284,['c'],1,left,['8'],4,220,,61,,,,,,,,29,18,Vrouw,Rechts,
,dotcolour,16,7,main,lowSC,hard,,,319,['n'],1,right,['8'],4,49,,35,,,,,,,,29,18,Vrouw,Rechts,
,dotcolour,17,7,main,lowSC,average,,,268,['n'],1,right,['8'],4,239,,29,,,,,,,,29,18,Vrouw,Rechts,
,dotcolour,18,7,main,lowSC,easy,,,98,['c'],0,right,['3'],3,377,,16,,,,,,,,29,18,Vrouw,Rechts,
,dotcolour,19,7,main,lowSC,hard,,,181,['n'],1,right,['8'],4,221,,37,,,,,,,,29,18,Vrouw,Rechts,
,dotcolour,20,7,main,lowSC,hard,,,234,['n'],1,right,['8'],4,278,,35,,,,,,,,29,18,Vrouw,Rechts,
,dotcolour,21,7,main,lowSC,easy,,,268,['c'],0,right,['3'],3,155,,16,,,,,,,,29,18,Vrouw,Rechts,
,dotcolour,22,7,main,lowSC,average,,,285,['n'],0,left,['3'],3,101,,51,,,,,,,,29,18,Vrouw,Rechts,
,dotcolour,23,7,main,lowSC,average,,,652,['n'],1,right,['8'],4,177,,26,,,,,,,,29,18,Vrouw,Rechts,
,dotcolour,24,7,main,lowSC,average,,,535,['c'],0,right,['8'],4,224,,28,,,,,,,,29,18,Vrouw,Rechts,
,dotcolour,25,7,main,lowSC,average,,,536,['c'],1,left,['8'],4,141,,55,,,,,,,,29,18,Vrouw,Rechts,
,dotcolour,26,7,main,lowSC,hard,,,351,['n'],1,right,['8'],4,340,,36,,,,,,,,29,18,Vrouw,Rechts,
,dotcolour,27,7,main,lowSC,average,,,318,['c'],1,left,['8'],4,245,,53,,,,,,,,29,18,Vrouw,Rechts,
,dotcolour,28,7,main,lowSC,easy,,,368,['c'],0,right,['3'],3,7,,16,,,,,,,,29,18,Vrouw,Rechts,
,dotcolour,29,7,main,lowSC,hard,,,768,['n'],1,right,['8'],4,211,,37,,,,,,,,29,18,Vrouw,Rechts,
,dotcolour,30,7,main,lowSC,hard,,,234,['c'],1,left,['8'],4,221,,43,,,,,,,,29,18,Vrouw,Rechts,
,dotcolour,31,7,main,lowSC,hard,,,218,['n'],1,right,['3'],3,70,,35,,,,,,,,29,18,Vrouw,Rechts,
,dotcolour,32,7,main,lowSC,easy,,,143,['c'],1,left,['8'],4,375,,61,,,,,,,,29,18,Vrouw,Rechts,
,dotcolour,33,7,main,lowSC,hard,,,235,['n'],1,right,['3'],3,234,,36,,,,,,,,29,18,Vrouw,Rechts,
,dotcolour,34,7,main,lowSC,hard,,,318,['n'],1,right,['3'],3,223,,37,,,,,,,,29,18,Vrouw,Rechts,
,dotcolour,35,7,main,lowSC,average,,,1570,['n'],1,right,['8'],4,209,,28,,,,,,,,29,18,Vrouw,Rechts,
,dotcolour,36,7,main,lowSC,average,,,251,['c'],0,right,['3'],3,265,,29,,,,,,,,29,18,Vrouw,Rechts,
,dotcolour,37,7,main,lowSC,easy,,,752,['c'],1,left,['8'],4,251,,64,,,,,,,,29,18,Vrouw,Rechts,
,dotcolour,38,7,main,lowSC,average,,,485,['c'],1,left,['8'],4,248,,51,,,,,,,,29,18,Vrouw,Rechts,
,dotcolour,39,7,main,lowSC,easy,,,402,['c'],0,right,['3'],3,296,,15,,,,,,,,29,18,Vrouw,Rechts,
,dotcolour,40,7,main,lowSC,hard,,,318,['n'],0,left,['3'],3,267,,41,,,,,,,,29,18,Vrouw,Rechts,
,dotcolour,41,7,main,lowSC,average,,,485,['n'],1,right,['8'],4,231,,26,,,,,,,,29,18,Vrouw,Rechts,
,dotcolour,42,7,main,lowSC,easy,,,501,['c'],1,left,['8'],4,453,,61,,,,,,,,29,18,Vrouw,Rechts,
,dotcolour,43,7,main,lowSC,easy,,,569,['c'],1,left,['8'],4,70,,63,,,,,,,,29,18,Vrouw,Rechts,
,dotcolour,44,7,main,lowSC,average,,,452,['c'],1,left,['8'],4,76,,55,,,,,,,,29,18,Vrouw,Rechts,
,dotcolour,45,7,main,lowSC,hard,,,368,['n'],0,left,['8'],4,166,,43,,,,,,,,29,18,Vrouw,Rechts,
,dotcolour,46,7,main,lowSC,hard,,,451,['c'],0,right,['8'],4,280,,35,,,,,,,,29,18,Vrouw,Rechts,
,dotcolour,47,7,main,lowSC,easy,,,818,['c'],1,left,['8'],4,182,,62,,,,,,,,29,18,Vrouw,Rechts,
,dotcolour,48,7,main,lowSC,average,,,251,['n'],1,right,['3'],3,240,,26,,,,,,,,29,18,Vrouw,Rechts,
,dotcolour,49,7,main,lowSC,average,,,1018,['n'],1,right,['8'],4,264,,26,,,,,,,,29,18,Vrouw,Rechts,
,dotcolour,50,7,main,lowSC,easy,,,718,['n'],1,right,['8'],4,202,,16,,,,,,,,29,18,Vrouw,Rechts,
,dotcolour,51,7,main,lowSC,average,,,318,['c'],1,left,['3'],3,113,,52,,,,,,,,29,18,Vrouw,Rechts,
,dotcolour,52,7,main,lowSC,hard,,,317,['n'],0,left,['3'],3,139,,45,,,,,,,,29,18,Vrouw,Rechts,
,dotcolour,53,7,main,lowSC,average,,,517,['c'],1,left,['8'],4,331,,55,,,,,,,,29,18,Vrouw,Rechts,
,dotcolour,54,7,main,lowSC,hard,,,518,['n'],1,right,['8'],4,1364,,35,,,,,,,,29,18,Vrouw,Rechts,
,dotcolour,55,7,main,lowSC,easy,,,435,['c'],1,left,['8'],4,342,,62,,,,,,,,29,18,Vrouw,Rechts,
,dotcolour,56,7,main,lowSC,easy,,,469,['c'],1,left,['8'],4,113,,61,,,,,,,,29,18,Vrouw,Rechts,
,dotcolour,57,7,main,lowSC,hard,,,302,['n'],0,left,['8'],4,219,,43,,,,,,,,29,18,Vrouw,Rechts,
,dotcolour,58,7,main,lowSC,easy,,,518,['n'],0,left,['3'],3,249,,63,,,,,,,,29,18,Vrouw,Rechts,
,dotcolour,59,7,main,lowSC,easy,,,418,['c'],1,left,['8'],4,329,,63,,,,,,,,29,18,Vrouw,Rechts,
,dotcolour,60,7,main,lowSC,average,,,252,['c'],1,left,['8'],4,29,,54,,,,,,,,29,18,Vrouw,Rechts,
,dotcolour,61,7,main,lowSC,average,,,319,['n'],1,right,['8'],4,250,,26,,,,,,,,29,18,Vrouw,Rechts,
,dotcolour,62,7,main,lowSC,hard,,,251,['c'],0,right,['8'],4,1,,35,,,,,,,,29,18,Vrouw,Rechts,
,dotcolour,63,7,main,lowSC,hard,,,501,['n'],0,left,['3'],3,248,,45,,,,,,,,29,18,Vrouw,Rechts,
,dotcolour,64,7,main,lowSC,easy,,,284,['c'],0,right,['3'],3,157,,19,,,,,,,,29,18,Vrouw,Rechts,
,dotcolour,65,7,main,lowSC,easy,,,301,['n'],0,left,['3'],3,214,,62,,,,,,,,29,18,Vrouw,Rechts,
,dotcolour,66,7,main,lowSC,average,,,318,['c'],1,left,['8'],4,252,,52,,,,,,,,29,18,Vrouw,Rechts,
,dotcolour,67,7,main,lowSC,easy,,,285,['n'],1,right,['8'],4,258,,16,,,,,,,,29,18,Vrouw,Rechts,
,dotcolour,68,7,main,lowSC,easy,,,486,['n'],1,right,['8'],4,238,,19,,,,,,,,29,18,Vrouw,Rechts,
,dotcolour,69,7,main,lowSC,average,,,284,['c'],0,right,['8'],4,132,,29,,,,,,,,29,18,Vrouw,Rechts,
,dotcolour,70,7,main,lowSC,easy,,,234,['c'],1,left,['8'],4,177,,61,,,,,,,,29,18,Vrouw,Rechts,
,dotcolour,71,7,main,lowSC,hard,,,235,['n'],0,left,['8'],4,251,,41,,,,,,,,29,18,Vrouw,Rechts,
,,,,,,,,,,,,,,,,,,"vermoeiend voor de ogen


","dot colour taak, XO taak, Dot numbe taak
","ze ging van goed bij de eerste taak naar heel slecht bij de laatste, maar dat kon ook liggen aan ùin aantal foutive antowoordenr",ik denk dat de feedback je meer vertrouwen gaf om aan te geven in welke maten je zeker was over het antwoord dat je had gegeven,"ik denk van wel, bij de taken die ik moeilijker vond had ik er blijkbaar ook meer fout","het is geen complete verrassing maar ik had het ook niet echt door, in mijn achterhoofd had ik wel rekening gehouden met het feit dat dat wel mogelijk zou kunnen zijn",1612786986,,,,,
